site,date,generated_kwh,peak_kw,peak_time,conditions,temp_text,source,flags
bmt,2021-01-01,38.4,9.7,1:05PM,Partly Cloudy,-,bmt_pre2026.json,
bmt,2021-01-02,23.7,6.6,11:10AM,Cloudy,-,bmt_pre2026.json,
bmt,2021-01-03,20.6,6.2,2:05PM,Cloudy,-,bmt_pre2026.json,
bmt,2021-01-04,11.1,6.9,10:45AM,Mostly Cloudy,-,bmt_pre2026.json,
bmt,2021-01-05,20.8,12.8,10:55AM,Cloudy,-,bmt_pre2026.json,
bmt,2021-01-06,30.2,8.4,11:30AM,Mostly Cloudy,-,bmt_pre2026.json,
bmt,2021-01-07,39.3,9.8,1:25PM,Partly Cloudy,-,bmt_pre2026.json,
bmt,2021-01-08,37.1,9.2,1:45PM,Partly Cloudy,-,bmt_pre2026.json,
bmt,2021-01-09,24.0,5.3,1:25PM,Cloudy,-,bmt_pre2026.json,
bmt,2021-01-10,30.1,8.1,2:40PM,Mostly Cloudy,-,bmt_pre2026.json,
bmt,2021-01-11,2.3,3.0,11:45AM,Showers,-,bmt_pre2026.json,
bmt,2021-01-12,41.4,11.7,1:10PM,Partly Cloudy,-,bmt_pre2026.json,
bmt,2021-01-13,43.1,10.1,12:00PM,Partly Cloudy,-,bmt_pre2026.json,
bmt,2021-01-14,29.6,11.3,1:25PM,Mostly Cloudy,-,bmt_pre2026.json,
bmt,2021-01-15,40.6,11.7,12:35PM,Partly Cloudy,-,bmt_pre2026.json,
bmt,2021-01-16,15.4,3.0,1:35PM,Cloudy,-,bmt_pre2026.json,
bmt,2021-01-17,22.3,8.1,2:50PM,Cloudy,-,bmt_pre2026.json,
bmt,2021-01-18,50.3,10.3,12:55PM,Partly Cloudy,-,bmt_pre2026.json,
bmt,2021-01-19,65.8,11.2,12:20PM,Fine,-,bmt_pre2026.json,
bmt,2021-01-20,52.7,11.6,11:35AM,Partly Cloudy,-,bmt_pre2026.json,
bmt,2021-01-21,53.8,11.4,12:15PM,Partly Cloudy,-,bmt_pre2026.json,
bmt,2021-01-22,42.4,11.1,10:35AM,Partly Cloudy,-,bmt_pre2026.json,
bmt,2021-01-23,19.6,7.6,11:10AM,Cloudy,-,bmt_pre2026.json,
bmt,2021-01-24,38.0,10.4,12:15PM,Partly Cloudy,-,bmt_pre2026.json,
bmt,2021-01-25,61.5,10.7,1:05PM,Fine,-,bmt_pre2026.json,
bmt,2021-01-26,63.7,11.0,12:35PM,Fine,-,bmt_pre2026.json,
bmt,2021-01-27,65.9,11.3,11:55AM,Fine,-,bmt_pre2026.json,
bmt,2021-01-28,61.9,11.0,12:25PM,Fine,-,bmt_pre2026.json,
bmt,2021-01-29,61.8,11.0,12:30PM,Fine,-,bmt_pre2026.json,
bmt,2021-01-30,15.8,11.7,12:15PM,Cloudy,-,bmt_pre2026.json,
bmt,2021-01-31,31.4,10.6,12:25PM,Mostly Cloudy,-,bmt_pre2026.json,
bmt,2021-02-01,23.5,9.8,12:05PM,Cloudy,-,bmt_pre2026.json,
bmt,2021-02-02,59.3,10.3,12:20PM,Partly Cloudy,-,bmt_pre2026.json,
bmt,2021-02-03,41.3,10.3,12:55PM,Mostly Cloudy,-,bmt_pre2026.json,
bmt,2021-02-04,35.6,9.2,2:20PM,Mostly Cloudy,-,bmt_pre2026.json,
bmt,2021-02-05,35.6,10.2,1:05PM,Mostly Cloudy,-,bmt_pre2026.json,
bmt,2021-02-06,60.1,10.3,12:45PM,Partly Cloudy,-,bmt_pre2026.json,
bmt,2021-02-07,59.8,10.1,12:45PM,Partly Cloudy,-,bmt_pre2026.json,
bmt,2021-02-08,51.7,9.6,12:50PM,Partly Cloudy,-,bmt_pre2026.json,
bmt,2021-02-09,52.0,10.1,12:50PM,Partly Cloudy,-,bmt_pre2026.json,
bmt,2021-02-10,49.1,8.9,1:00PM,Mostly Cloudy,-,bmt_pre2026.json,
bmt,2021-02-11,29.7,8.3,1:40PM,Cloudy,-,bmt_pre2026.json,
bmt,2021-02-12,30.5,7.7,2:15PM,Cloudy,-,bmt_pre2026.json,
bmt,2021-02-13,34.4,10.0,1:05PM,Cloudy,-,bmt_pre2026.json,
bmt,2021-02-14,39.7,9.7,12:25PM,Mostly Cloudy,-,bmt_pre2026.json,
bmt,2021-02-15,35.5,8.4,1:30PM,Mostly Cloudy,-,bmt_pre2026.json,
bmt,2021-02-16,39.3,9.3,12:35PM,Mostly Cloudy,-,bmt_pre2026.json,
bmt,2021-02-17,39.6,8.7,12:15PM,Mostly Cloudy,-,bmt_pre2026.json,
bmt,2021-02-18,42.7,8.8,1:10PM,Mostly Cloudy,-,bmt_pre2026.json,
bmt,2021-02-19,49.4,9.7,1:05PM,Mostly Cloudy,-,bmt_pre2026.json,
bmt,2021-02-20,33.3,9.2,1:10PM,Cloudy,-,bmt_pre2026.json,
bmt,2021-02-21,52.9,9.2,12:00PM,Partly Cloudy,-,bmt_pre2026.json,
bmt,2021-02-22,53.5,11.2,11:00AM,Partly Cloudy,-,bmt_pre2026.json,
bmt,2021-02-23,56.6,9.6,12:50PM,Partly Cloudy,-,bmt_pre2026.json,
bmt,2021-02-24,56.3,11.3,12:15PM,Partly Cloudy,-,bmt_pre2026.json,
bmt,2021-02-25,61.5,9.9,12:15PM,Partly Cloudy,-,bmt_pre2026.json,
bmt,2021-02-26,57.4,10.8,1:25PM,Partly Cloudy,-,bmt_pre2026.json,
bmt,2021-02-27,63.7,10.6,12:15PM,Partly Cloudy,-,bmt_pre2026.json,
bmt,2021-02-28,64.5,11.2,12:30PM,Partly Cloudy,-,bmt_pre2026.json,
bmt,2021-03-01,54.1,12.9,12:50PM,Mostly Cloudy,-,bmt_pre2026.json,
bmt,2021-03-02,88.5,13.2,12:50PM,Partly Cloudy,-,bmt_pre2026.json,
bmt,2021-03-03,74.5,12.5,12:40PM,Partly Cloudy,-,bmt_pre2026.json,
bmt,2021-03-04,74.0,13.1,1:50PM,Partly Cloudy,-,bmt_pre2026.json,
bmt,2021-03-05,83.3,12.6,12:40PM,Partly Cloudy,-,bmt_pre2026.json,
bmt,2021-03-06,77.0,12.1,12:30PM,Partly Cloudy,-,bmt_pre2026.json,
bmt,2021-03-07,38.7,11.3,12:30PM,Cloudy,-,bmt_pre2026.json,
bmt,2021-03-08,62.3,10.1,12:15PM,Mostly Cloudy,-,bmt_pre2026.json,
bmt,2021-03-09,58.0,9.7,12:30PM,Mostly Cloudy,-,bmt_pre2026.json,
bmt,2021-03-10,63.0,10.4,12:25PM,Mostly Cloudy,-,bmt_pre2026.json,
bmt,2021-03-11,62.6,11.0,11:50AM,Mostly Cloudy,-,bmt_pre2026.json,
bmt,2021-03-12,30.9,9.0,1:35PM,Cloudy,-,bmt_pre2026.json,
bmt,2021-03-13,58.2,12.6,2:00PM,Mostly Cloudy,-,bmt_pre2026.json,
bmt,2021-03-14,62.3,10.1,12:10PM,Mostly Cloudy,-,bmt_pre2026.json,
bmt,2021-03-15,43.6,8.7,11:15AM,Cloudy,-,bmt_pre2026.json,
bmt,2021-03-16,57.4,9.3,12:50PM,Mostly Cloudy,-,bmt_pre2026.json,
bmt,2021-03-17,57.9,9.6,12:25PM,Mostly Cloudy,-,bmt_pre2026.json,
bmt,2021-03-18,55.5,9.7,1:55PM,Mostly Cloudy,-,bmt_pre2026.json,
bmt,2021-03-19,67.8,10.1,12:15PM,Partly Cloudy,-,bmt_pre2026.json,
bmt,2021-03-20,65.4,10.0,12:25PM,Mostly Cloudy,-,bmt_pre2026.json,
bmt,2021-03-21,23.9,9.5,3:30PM,Cloudy,-,bmt_pre2026.json,
bmt,2021-03-22,48.2,13.1,12:35PM,Mostly Cloudy,-,bmt_pre2026.json,
bmt,2021-03-23,40.6,15.3,1:45PM,Cloudy,-,bmt_pre2026.json,
bmt,2021-03-24,112.6,15.9,1:05PM,Fine,-,bmt_pre2026.json,
bmt,2021-03-25,105.7,18.8,12:10PM,Fine,-,bmt_pre2026.json,
bmt,2021-03-26,101.7,15.7,12:00PM,Fine,-,bmt_pre2026.json,
bmt,2021-03-27,91.0,15.4,12:50PM,Partly Cloudy,-,bmt_pre2026.json,
bmt,2021-03-28,98.3,14.9,12:30PM,Partly Cloudy,-,bmt_pre2026.json,
bmt,2021-03-29,92.1,14.1,1:15PM,Partly Cloudy,-,bmt_pre2026.json,
bmt,2021-03-30,101.4,14.6,12:45PM,Fine,-,bmt_pre2026.json,
bmt,2021-03-31,122.9,16.8,12:50PM,Fine,-,bmt_pre2026.json,
bmt,2021-04-01,90.0,16.9,12:30PM,Partly Cloudy,-,bmt_pre2026.json,
bmt,2021-04-02,124.0,17.2,12:40PM,Fine,-,bmt_pre2026.json,
bmt,2021-04-03,112.4,15.4,12:45PM,Partly Cloudy,-,bmt_pre2026.json,
bmt,2021-04-04,94.9,17.7,11:10AM,Partly Cloudy,-,bmt_pre2026.json,
bmt,2021-04-05,28.4,11.6,3:40PM,Cloudy,-,bmt_pre2026.json,
bmt,2021-04-06,45.2,20.3,12:25PM,Cloudy,-,bmt_pre2026.json,
bmt,2021-04-07,99.5,16.5,12:35PM,Partly Cloudy,-,bmt_pre2026.json,
bmt,2021-04-08,126.0,17.2,12:35PM,Fine,-,bmt_pre2026.json,
bmt,2021-04-09,105.5,16.6,12:20PM,Partly Cloudy,-,bmt_pre2026.json,
bmt,2021-04-10,120.2,16.1,12:20PM,Fine,-,bmt_pre2026.json,
bmt,2021-04-11,116.0,15.7,12:10PM,Fine,-,bmt_pre2026.json,
bmt,2021-04-12,32.2,13.0,10:00AM,Cloudy,-,bmt_pre2026.json,
bmt,2021-04-13,110.6,16.4,12:25PM,Partly Cloudy,-,bmt_pre2026.json,
bmt,2021-04-14,101.4,16.1,12:55PM,Partly Cloudy,-,bmt_pre2026.json,
bmt,2021-04-15,64.4,17.8,1:10PM,Mostly Cloudy,-,bmt_pre2026.json,
bmt,2021-04-16,76.8,16.8,10:55AM,Partly Cloudy,-,bmt_pre2026.json,
bmt,2021-04-17,73.3,18.9,12:45PM,Mostly Cloudy,-,bmt_pre2026.json,
bmt,2021-04-18,112.3,15.5,12:10PM,Partly Cloudy,-,bmt_pre2026.json,
bmt,2021-04-19,45.0,12.8,9:55AM,Cloudy,-,bmt_pre2026.json,
bmt,2021-04-20,64.0,18.6,12:15PM,Mostly Cloudy,-,bmt_pre2026.json,
bmt,2021-04-21,88.7,18.9,12:35PM,Partly Cloudy,-,bmt_pre2026.json,
bmt,2021-04-22,51.0,21.6,1:35PM,Mostly Cloudy,-,bmt_pre2026.json,
bmt,2021-04-23,0.4,0.8,7:55AM,Showers,-,bmt_pre2026.json,
bmt,2021-04-24,142.7,18.2,12:30PM,Fine,-,bmt_pre2026.json,
bmt,2021-04-25,134.8,17.7,12:25PM,Fine,-,bmt_pre2026.json,
bmt,2021-04-26,123.4,16.0,11:45AM,Fine,-,bmt_pre2026.json,
bmt,2021-04-27,115.3,15.2,1:10PM,Fine,-,bmt_pre2026.json,
bmt,2021-04-28,106.0,15.3,12:10PM,Partly Cloudy,-,bmt_pre2026.json,
bmt,2021-04-29,100.5,18.1,11:55AM,Partly Cloudy,-,bmt_pre2026.json,
bmt,2021-04-30,105.9,15.5,12:45PM,Partly Cloudy,-,bmt_pre2026.json,
bmt,2021-05-01,106.6,16.1,10:50AM,Partly Cloudy,-,bmt_pre2026.json,
bmt,2021-05-02,95.3,14.3,12:05PM,Partly Cloudy,-,bmt_pre2026.json,
bmt,2021-05-03,95.0,12.8,11:50AM,Partly Cloudy,-,bmt_pre2026.json,
bmt,2021-05-04,75.7,12.4,12:30PM,Mostly Cloudy,-,bmt_pre2026.json,
bmt,2021-05-05,87.5,19.1,1:00PM,Partly Cloudy,-,bmt_pre2026.json,
bmt,2021-05-06,90.9,18.5,11:25AM,Partly Cloudy,-,bmt_pre2026.json,
bmt,2021-05-07,92.7,15.0,12:25PM,Partly Cloudy,-,bmt_pre2026.json,
bmt,2021-05-08,110.3,15.5,12:30PM,Partly Cloudy,-,bmt_pre2026.json,
bmt,2021-05-09,66.2,13.8,12:20PM,Mostly Cloudy,-,bmt_pre2026.json,
bmt,2021-05-10,76.6,14.3,11:55AM,Partly Cloudy,-,bmt_pre2026.json,
bmt,2021-05-13,87.0,19.3,1:15PM,Partly Cloudy,-,bmt_pre2026.json,
bmt,2021-05-14,127.5,18.4,11:20AM,Fine,-,bmt_pre2026.json,
bmt,2021-05-15,126.2,17.6,11:20AM,Fine,-,bmt_pre2026.json,
bmt,2021-05-16,126.3,16.5,12:40PM,Fine,-,bmt_pre2026.json,
bmt,2021-05-17,45.2,14.0,10:00AM,Cloudy,-,bmt_pre2026.json,
bmt,2021-05-18,109.8,19.4,2:40PM,Partly Cloudy,-,bmt_pre2026.json,
bmt,2021-05-19,81.6,23.2,12:10PM,Partly Cloudy,-,bmt_pre2026.json,
bmt,2021-05-20,120.6,15.7,12:20PM,Fine,-,bmt_pre2026.json,
bmt,2021-05-21,128.1,16.4,11:50AM,Fine,-,bmt_pre2026.json,
bmt,2021-05-22,124.3,15.8,11:45AM,Fine,-,bmt_pre2026.json,
bmt,2021-05-23,56.1,13.0,4:00PM,Mostly Cloudy,-,bmt_pre2026.json,
bmt,2021-05-24,53.2,15.7,11:05AM,Mostly Cloudy,-,bmt_pre2026.json,
bmt,2021-05-25,129.4,16.3,12:05PM,Fine,-,bmt_pre2026.json,
bmt,2021-05-26,127.2,16.0,11:40AM,Fine,-,bmt_pre2026.json,
bmt,2021-05-27,121.8,15.5,12:50PM,Fine,-,bmt_pre2026.json,
bmt,2021-05-28,109.1,14.4,12:35PM,Partly Cloudy,-,bmt_pre2026.json,
bmt,2021-05-29,94.6,13.5,11:45AM,Partly Cloudy,-,bmt_pre2026.json,
bmt,2021-05-30,111.2,14.2,11:50AM,Partly Cloudy,-,bmt_pre2026.json,
bmt,2021-05-31,102.6,14.1,11:40AM,Partly Cloudy,-,bmt_pre2026.json,
bmt,2021-06-01,103.4,18.7,12:20PM,Partly Cloudy,-,bmt_pre2026.json,
bmt,2021-06-02,122.0,16.0,11:55AM,Fine,-,bmt_pre2026.json,
bmt,2021-06-03,71.8,22.9,11:30AM,Mostly Cloudy,-,bmt_pre2026.json,
bmt,2021-06-04,114.1,16.9,12:25PM,Fine,-,bmt_pre2026.json,
bmt,2021-06-05,108.0,18.5,12:35PM,Fine,-,bmt_pre2026.json,
bmt,2021-06-06,120.9,15.6,12:20PM,Fine,-,bmt_pre2026.json,
bmt,2021-06-07,102.5,14.4,12:40PM,Partly Cloudy,-,bmt_pre2026.json,
bmt,2021-06-08,114.1,14.7,12:20PM,Fine,-,bmt_pre2026.json,
bmt,2021-06-09,113.1,14.4,11:55AM,Fine,-,bmt_pre2026.json,
bmt,2021-06-10,105.6,13.9,12:35PM,Partly Cloudy,-,bmt_pre2026.json,
bmt,2021-06-11,113.7,14.7,12:10PM,Fine,-,bmt_pre2026.json,
bmt,2021-06-12,114.3,15.3,12:45PM,Fine,-,bmt_pre2026.json,
bmt,2021-06-13,109.7,21.2,12:35PM,Fine,-,bmt_pre2026.json,
bmt,2021-06-14,85.1,16.9,12:00PM,Partly Cloudy,-,bmt_pre2026.json,
bmt,2021-06-16,59.7,17.3,1:00PM,Mostly Cloudy,-,bmt_pre2026.json,
bmt,2021-06-17,104.9,20.2,12:25PM,Partly Cloudy,-,bmt_pre2026.json,
bmt,2021-06-18,113.4,17.7,10:15AM,Fine,-,bmt_pre2026.json,
bmt,2021-06-19,101.6,16.2,1:00PM,Partly Cloudy,-,bmt_pre2026.json,
bmt,2021-06-20,126.1,16.3,10:35AM,Fine,-,bmt_pre2026.json,
bmt,2021-06-21,119.5,17.9,11:35AM,Fine,-,bmt_pre2026.json,
bmt,2021-06-22,124.5,15.6,12:25PM,Fine,-,bmt_pre2026.json,
bmt,2021-06-23,57.9,15.2,12:25PM,Fine,-,bmt_pre2026.json,
bmt,2021-06-24,99.6,19.1,12:45PM,Partly Cloudy,-,bmt_pre2026.json,
bmt,2021-06-25,116.4,15.0,12:20PM,Fine,-,bmt_pre2026.json,
bmt,2021-06-26,93.5,23.1,12:45PM,Partly Cloudy,-,bmt_pre2026.json,
bmt,2021-06-27,118.5,15.4,12:30PM,Fine,-,bmt_pre2026.json,
bmt,2021-06-28,25.969,13.4,2:25PM,Cloudy,-,bmt_pre2026.json,
bmt,2021-06-29,118.0,15.0,12:45PM,Fine,-,bmt_pre2026.json,
bmt,2021-06-30,116.9,15.1,11:55AM,Fine,-,bmt_pre2026.json,
bmt,2021-07-01,107.3,14.3,12:00PM,Fine,-,bmt_pre2026.json,
bmt,2021-07-02,102.7,13.1,12:10PM,Fine,-,bmt_pre2026.json,
bmt,2021-07-03,113.4,15.7,12:30PM,Fine,-,bmt_pre2026.json,
bmt,2021-07-04,12.558,8.5,4:10PM,Showers,-,bmt_pre2026.json,
bmt,2021-07-05,107.957,15.7,12:45PM,Fine,-,bmt_pre2026.json,
bmt,2021-07-06,103.092,15.6,1:30PM,Fine,-,bmt_pre2026.json,
bmt,2021-07-07,106.677,15.2,11:55AM,Fine,-,bmt_pre2026.json,
bmt,2021-07-08,84.471,15.9,1:45PM,Fine,-,bmt_pre2026.json,
bmt,2021-07-09,95.187,20.5,11:30AM,Fine,-,bmt_pre2026.json,
bmt,2021-07-10,82.795,16.6,1:40PM,Partly Cloudy,-,bmt_pre2026.json,
bmt,2021-07-11,20.782,12.1,9:35AM,Mostly Cloudy,-,bmt_pre2026.json,
bmt,2021-07-12,32.081,15.7,3:30PM,Fine,-,bmt_pre2026.json,
bmt,2021-07-13,88.968,18.8,1:20PM,Fine,-,bmt_pre2026.json,
bmt,2021-07-14,99.763,20.0,11:30AM,Fine,-,bmt_pre2026.json,
bmt,2021-07-15,133.244,17.2,12:25PM,Fine,-,bmt_pre2026.json,
bmt,2021-07-16,119.133,18.4,12:30PM,Fine,-,bmt_pre2026.json,
bmt,2021-07-17,84.652,16.0,11:35AM,Fine,-,bmt_pre2026.json,
bmt,2021-07-18,94.306,16.1,1:10PM,Partly Cloudy,-,bmt_pre2026.json,
bmt,2021-07-19,64.191,13.9,2:50PM,Fine,-,bmt_pre2026.json,
bmt,2021-07-20,34.589,13.0,4:10PM,Fine,-,bmt_pre2026.json,
bmt,2021-07-21,113.615,21.5,11:45AM,Fine,-,bmt_pre2026.json,
bmt,2021-07-22,94.869,18.4,12:00PM,Fine,-,bmt_pre2026.json,
bmt,2021-07-23,100.768,21.8,10:45AM,Fine,-,bmt_pre2026.json,
bmt,2021-07-24,97.195,20.3,1:00PM,Fine,-,bmt_pre2026.json,
bmt,2021-07-25,84.645,18.0,12:30PM,Fine,-,bmt_pre2026.json,
bmt,2021-07-26,30.248,6.6,12:50PM,Partly Cloudy,-,bmt_pre2026.json,
bmt,2021-07-27,30.322,6.5,1:55PM,Partly Cloudy,-,bmt_pre2026.json,
bmt,2021-07-28,40.631,13.3,1:40PM,Fine,-,bmt_pre2026.json,
bmt,2021-07-29,111.641,19.3,1:40PM,Fine,-,bmt_pre2026.json,
bmt,2021-07-30,94.008,23.2,12:50PM,Fine,-,bmt_pre2026.json,
bmt,2021-07-31,100.165,19.5,11:15AM,Fine,-,bmt_pre2026.json,
bmt,2021-08-01,8.516,7.8,8:20AM,Cloudy,-,bmt_pre2026.json,
bmt,2021-08-02,55.566,15.0,1:45PM,Fine,-,bmt_pre2026.json,
bmt,2021-08-03,72.211,11.7,2:20PM,Fine,-,bmt_pre2026.json,
bmt,2021-08-04,57.343,10.8,11:50AM,Fine,-,bmt_pre2026.json,
bmt,2021-08-05,76.051,11.1,1:00PM,Fine,-,bmt_pre2026.json,
bmt,2021-08-06,87.165,11.1,2:15PM,Partly Cloudy,-,bmt_pre2026.json,
bmt,2021-08-07,98.26,15.7,11:25AM,Fine,-,bmt_pre2026.json,
bmt,2021-08-08,78.927,16.9,11:30AM,Fine,-,bmt_pre2026.json,
bmt,2021-08-09,80.04,20.0,1:15PM,Fine,-,bmt_pre2026.json,
bmt,2021-08-10,116.416,16.6,11:25AM,Fine,-,bmt_pre2026.json,
bmt,2021-08-11,119.151,16.5,1:00PM,Fine,-,bmt_pre2026.json,
bmt,2021-08-12,68.246,16.8,1:10PM,Fine,-,bmt_pre2026.json,
bmt,2021-08-13,102.835,15.2,12:35PM,Fine,-,bmt_pre2026.json,
bmt,2021-08-14,97.95,15.2,12:15PM,Fine,-,bmt_pre2026.json,
bmt,2021-08-15,87.922,19.4,12:35PM,Fine,-,bmt_pre2026.json,
bmt,2021-08-16,114.854,16.7,1:10PM,Fine,-,bmt_pre2026.json,
bmt,2021-08-17,96.296,15.6,12:30PM,Fine,-,bmt_pre2026.json,
bmt,2021-08-18,81.674,15.5,2:10PM,Fine,-,bmt_pre2026.json,
bmt,2021-08-19,103.894,14.7,12:55PM,Fine,-,bmt_pre2026.json,
bmt,2021-08-20,82.217,15.7,1:20PM,Fine,-,bmt_pre2026.json,
bmt,2021-08-21,63.738,18.6,11:00AM,Fine,-,bmt_pre2026.json,
bmt,2021-08-22,35.682,12.6,4:20PM,Fine,-,bmt_pre2026.json,
bmt,2021-08-23,93.034,16.3,11:40AM,Fine,-,bmt_pre2026.json,
bmt,2021-08-24,102.334,16.9,12:30PM,Fine,-,bmt_pre2026.json,
bmt,2021-08-25,81.426,15.1,12:35PM,Fine,-,bmt_pre2026.json,
bmt,2021-08-26,0.099,0.015,11:50AM,Showers,-,bmt_pre2026.json,
bmt,2021-08-27,13.087,13.999,5:40PM,Cloudy,-,bmt_pre2026.json,
bmt,2021-08-28,58.158,19.0,12:30PM,Fine,-,bmt_pre2026.json,
bmt,2021-08-29,21.433,10.8,3:55PM,Mostly Cloudy,-,bmt_pre2026.json,
bmt,2021-08-30,52.077,15.8,12:15PM,Fine,-,bmt_pre2026.json,
bmt,2021-08-31,94.082,18.8,12:40PM,Fine,-,bmt_pre2026.json,
bmt,2021-09-01,105.247,17.7,12:10PM,Fine,-,bmt_pre2026.json,
bmt,2021-09-02,67.46,15.2,11:45AM,Fine,-,bmt_pre2026.json,
bmt,2021-09-03,58.14,19.2,3:25PM,Mostly Cloudy,-,bmt_pre2026.json,
bmt,2021-09-04,57.088,17.3,1:45PM,Fine,-,bmt_pre2026.json,
bmt,2021-09-05,97.826,15.0,11:00AM,Fine,-,bmt_pre2026.json,
bmt,2021-09-06,93.43,17.1,12:40PM,Fine,-,bmt_pre2026.json,
bmt,2021-09-07,69.124,17.0,11:35AM,Fine,-,bmt_pre2026.json,
bmt,2021-09-08,54.749,15.9,11:00AM,Fine,-,bmt_pre2026.json,
bmt,2021-09-09,27.957,15.2,9:50AM,Partly Cloudy,-,bmt_pre2026.json,
bmt,2021-09-10,8.495,3.1,4:25PM,Cloudy,-,bmt_pre2026.json,
bmt,2021-09-11,27.56,10.2,4:25PM,Partly Cloudy,-,bmt_pre2026.json,
bmt,2021-09-12,31.835,5.5,2:45PM,Partly Cloudy,-,bmt_pre2026.json,
bmt,2021-09-13,105.881,16.2,1:00PM,Fine,-,bmt_pre2026.json,
bmt,2021-09-14,117.579,17.4,12:45PM,Fine,-,bmt_pre2026.json,
bmt,2021-09-15,102.079,18.8,11:40AM,Fine,-,bmt_pre2026.json,
bmt,2021-09-16,105.761,15.7,12:15PM,Fine,-,bmt_pre2026.json,
bmt,2021-09-17,73.668,16.5,1:10PM,Fine,-,bmt_pre2026.json,
bmt,2021-09-18,78.996,14.2,12:40PM,Fine,-,bmt_pre2026.json,
bmt,2021-09-19,63.925,16.1,11:45AM,Fine,-,bmt_pre2026.json,
bmt,2021-09-20,95.358,14.8,12:20PM,Fine,-,bmt_pre2026.json,
bmt,2021-09-21,55.544,20.5,11:00AM,Fine,-,bmt_pre2026.json,
bmt,2021-09-22,57.825,14.3,11:25AM,Fine,-,bmt_pre2026.json,
bmt,2021-09-23,66.818,22.2,10:55AM,Fine,-,bmt_pre2026.json,
bmt,2021-09-24,75.569,15.4,2:15PM,Fine,-,bmt_pre2026.json,
bmt,2021-09-25,101.227,17.9,11:55AM,Fine,-,bmt_pre2026.json,
bmt,2021-09-26,93.565,16.6,12:40PM,Fine,-,bmt_pre2026.json,
bmt,2021-09-27,92.819,15.7,11:20AM,Fine,-,bmt_pre2026.json,
bmt,2021-09-28,84.849,15.1,11:25AM,Fine,-,bmt_pre2026.json,
bmt,2021-09-29,84.754,17.0,1:05PM,Fine,-,bmt_pre2026.json,
bmt,2021-09-30,71.059,15.9,11:05AM,Fine,-,bmt_pre2026.json,
bmt,2021-10-01,78.379,13.8,1:05PM,Fine,-,bmt_pre2026.json,
bmt,2021-10-02,85.364,14.8,11:50AM,Fine,-,bmt_pre2026.json,
bmt,2021-10-03,85.106,16.1,12:10PM,Fine,-,bmt_pre2026.json,
bmt,2021-10-04,92.929,16.2,11:05AM,Fine,-,bmt_pre2026.json,
bmt,2021-10-05,97.578,14.5,12:05PM,Fine,-,bmt_pre2026.json,
bmt,2021-10-06,91.418,14.4,11:25AM,Fine,-,bmt_pre2026.json,
bmt,2021-10-07,78.406,12.3,12:00PM,Fine,-,bmt_pre2026.json,
bmt,2021-10-08,74.308,11.9,12:00PM,Fine,-,bmt_pre2026.json,
bmt,2021-10-09,70.587,11.3,11:45AM,Fine,-,bmt_pre2026.json,
bmt,2021-10-10,76.58,11.9,12:35PM,Fine,-,bmt_pre2026.json,
bmt,2021-10-11,81.705,13.5,12:15PM,Fine,-,bmt_pre2026.json,
bmt,2021-10-12,84.987,13.7,11:50AM,Fine,-,bmt_pre2026.json,
bmt,2021-10-13,82.786,13.2,12:15PM,Fine,-,bmt_pre2026.json,
bmt,2021-10-14,84.397,13.8,11:45AM,Fine,-,bmt_pre2026.json,
bmt,2021-10-15,87.782,13.9,12:00PM,Fine,-,bmt_pre2026.json,
bmt,2021-10-16,73.054,12.1,12:45PM,Fine,-,bmt_pre2026.json,
bmt,2021-10-17,37.085,11.9,11:55AM,Fine,-,bmt_pre2026.json,
bmt,2021-10-18,53.999,14.9,11:05AM,Fine,-,bmt_pre2026.json,
bmt,2021-10-19,78.699,12.7,12:15PM,Fine,-,bmt_pre2026.json,
bmt,2021-10-20,71.139,12.4,12:00PM,Fine,-,bmt_pre2026.json,
bmt,2021-10-21,65.743,11.7,11:45AM,Fine,-,bmt_pre2026.json,
bmt,2021-10-22,72.627,12.1,11:55AM,Fine,-,bmt_pre2026.json,
bmt,2021-10-23,44.694,13.8,11:15AM,Fine,-,bmt_pre2026.json,
bmt,2021-10-24,46.567,17.9,12:35PM,Fine,-,bmt_pre2026.json,
bmt,2021-10-25,80.623,14.2,11:35AM,Fine,-,bmt_pre2026.json,
bmt,2021-10-26,86.297,14.2,12:05PM,Fine,-,bmt_pre2026.json,
bmt,2021-10-27,83.651,13.4,11:45AM,Fine,-,bmt_pre2026.json,
bmt,2021-10-28,78.509,14.0,12:20PM,Fine,-,bmt_pre2026.json,
bmt,2021-10-29,82.074,13.3,12:10PM,Fine,-,bmt_pre2026.json,
bmt,2021-10-30,79.845,13.4,12:10PM,Fine,-,bmt_pre2026.json,
bmt,2021-10-31,78.692,13.1,12:10PM,Fine,-,bmt_pre2026.json,
bmt,2021-11-01,58.576,10.2,11:30AM,Fine,-,bmt_pre2026.json,
bmt,2021-11-02,66.316,12.3,11:40AM,Fine,-,bmt_pre2026.json,
bmt,2021-11-03,66.275,11.7,12:05PM,Fine,-,bmt_pre2026.json,
bmt,2021-11-04,66.894,11.8,12:10PM,Fine,-,bmt_pre2026.json,
bmt,2021-11-05,60.431,10.8,11:30AM,Fine,-,bmt_pre2026.json,
bmt,2021-11-06,63.29,11.0,11:45AM,Fine,-,bmt_pre2026.json,
bmt,2021-11-07,66.129,11.3,11:40AM,Fine,-,bmt_pre2026.json,
bmt,2021-11-08,63.358,11.5,11:35AM,Fine,-,bmt_pre2026.json,
bmt,2021-11-09,61.443,11.2,11:50AM,Fine,-,bmt_pre2026.json,
bmt,2021-11-10,48.922,8.9,11:15AM,Fine,-,bmt_pre2026.json,
bmt,2021-11-11,51.943,9.6,12:20PM,Fine,-,bmt_pre2026.json,
bmt,2021-11-12,58.728,10.5,12:20PM,Fine,-,bmt_pre2026.json,
bmt,2021-11-13,55.999,10.3,12:10PM,Fine,-,bmt_pre2026.json,
bmt,2021-11-14,56.277,9.9,11:35AM,Fine,-,bmt_pre2026.json,
bmt,2021-11-15,56.217,10.4,12:15PM,Fine,-,bmt_pre2026.json,
bmt,2021-11-16,61.043,11.1,12:10PM,Fine,-,bmt_pre2026.json,
bmt,2021-11-17,54.176,9.7,12:05PM,Fine,-,bmt_pre2026.json,
bmt,2021-11-18,54.566,9.7,11:50AM,Fine,-,bmt_pre2026.json,
bmt,2021-11-19,53.099,9.7,12:10PM,Fine,-,bmt_pre2026.json,
bmt,2021-11-20,53.248,10.0,12:35PM,Fine,-,bmt_pre2026.json,
bmt,2021-11-21,64.299,11.5,12:30PM,Fine,-,bmt_pre2026.json,
bmt,2021-11-22,67.175,11.4,12:30PM,Fine,-,bmt_pre2026.json,
bmt,2021-11-23,58.283,11.2,12:30PM,Fine,-,bmt_pre2026.json,
bmt,2021-11-24,55.259,10.4,11:55AM,Fine,-,bmt_pre2026.json,
bmt,2021-11-25,50.282,9.3,12:25PM,Fine,-,bmt_pre2026.json,
bmt,2021-11-26,47.584,8.8,12:00PM,Fine,-,bmt_pre2026.json,
bmt,2021-11-27,45.996,8.5,11:45AM,Fine,-,bmt_pre2026.json,
bmt,2021-11-28,36.106,8.9,12:25PM,Mostly Cloudy,-,bmt_pre2026.json,
bmt,2021-11-29,35.239,9.1,12:25PM,Fine,-,bmt_pre2026.json,
bmt,2021-11-30,54.375,9.9,12:10PM,Fine,-,bmt_pre2026.json,
bmt,2021-12-01,39.648,9.5,11:30AM,Fine,-,bmt_pre2026.json,
bmt,2021-12-02,31.327,10.7,12:15PM,Fine,-,bmt_pre2026.json,
bmt,2021-12-03,44.95,9.4,1:05PM,Fine,-,bmt_pre2026.json,
bmt,2021-12-04,52.197,9.5,11:30AM,Fine,-,bmt_pre2026.json,
bmt,2021-12-05,36.215,12.3,11:45AM,Fine,-,bmt_pre2026.json,
bmt,2021-12-06,50.937,9.3,11:40AM,Fine,-,bmt_pre2026.json,
bmt,2021-12-07,61.327,11.0,12:15PM,Fine,-,bmt_pre2026.json,
bmt,2021-12-08,59.559,10.8,11:55AM,Fine,-,bmt_pre2026.json,
bmt,2021-12-09,56.456,10.1,12:05PM,Fine,-,bmt_pre2026.json,
bmt,2021-12-10,56.286,10.5,12:15PM,Fine,-,bmt_pre2026.json,
bmt,2021-12-11,53.379,9.8,11:55AM,Fine,-,bmt_pre2026.json,
bmt,2021-12-12,50.16,10.0,11:55AM,Fine,-,bmt_pre2026.json,
bmt,2021-12-13,40.309,9.2,12:30PM,Fine,-,bmt_pre2026.json,
bmt,2021-12-14,36.321,7.1,12:15PM,Fine,-,bmt_pre2026.json,
bmt,2021-12-15,42.767,8.0,12:50PM,Fine,-,bmt_pre2026.json,
bmt,2021-12-16,22.982,7.0,12:50PM,Fine,-,bmt_pre2026.json,
bmt,2021-12-17,26.635,8.4,12:40PM,Fine,-,bmt_pre2026.json,
bmt,2021-12-18,37.129,8.8,11:45AM,Fine,-,bmt_pre2026.json,
bmt,2021-12-19,49.018,11.3,12:10PM,Fine,-,bmt_pre2026.json,
bmt,2021-12-20,41.95,9.0,11:45AM,Fine,-,bmt_pre2026.json,
bmt,2021-12-21,41.024,8.2,12:50PM,Fine,-,bmt_pre2026.json,
bmt,2021-12-22,41.963,8.1,12:45PM,Fine,-,bmt_pre2026.json,
bmt,2021-12-23,44.501,8.0,1:30PM,Fine,-,bmt_pre2026.json,
bmt,2021-12-24,35.926,7.1,12:45PM,Fine,-,bmt_pre2026.json,
bmt,2021-12-25,37.064,8.5,11:15AM,Fine,-,bmt_pre2026.json,
bmt,2021-12-26,9.855,3.1,12:35PM,Mostly Cloudy,-,bmt_pre2026.json,
bmt,2021-12-27,35.613,7.9,11:35AM,Fine,-,bmt_pre2026.json,
bmt,2021-12-28,53.566,9.7,12:05PM,Fine,-,bmt_pre2026.json,
bmt,2021-12-29,52.133,9.5,12:05PM,Fine,-,bmt_pre2026.json,
bmt,2021-12-30,41.619,8.9,1:25PM,Fine,-,bmt_pre2026.json,
bmt,2021-12-31,36.996,8.8,12:50PM,Fine,-,bmt_pre2026.json,
bmt,2022-01-01,41.349,8.4,11:40AM,Fine,-,bmt_pre2026.json,
bmt,2022-01-02,52.11,10.0,12:10PM,Fine,-,bmt_pre2026.json,
bmt,2022-01-03,31.154,7.4,10:15AM,Fine,-,bmt_pre2026.json,
bmt,2022-01-04,21.168,9.1,2:55PM,Fine,-,bmt_pre2026.json,
bmt,2022-01-05,2.133,1.4,3:15PM,Showers,-,bmt_pre2026.json,
bmt,2022-01-06,9.249,2.9,2:05PM,Mostly Cloudy,-,bmt_pre2026.json,
bmt,2022-01-07,10.475,6.8,2:30PM,Showers,-,bmt_pre2026.json,
bmt,2022-01-08,26.633,11.9,1:30PM,Fine,-,bmt_pre2026.json,
bmt,2022-01-09,58.567,15.1,12:55PM,Fine,-,bmt_pre2026.json,
bmt,2022-01-10,26.866,8.5,2:55PM,Fine,-,bmt_pre2026.json,
bmt,2022-01-11,47.597,13.4,12:45PM,Fine,-,bmt_pre2026.json,
bmt,2022-01-12,21.548,10.1,1:20PM,Fine,-,bmt_pre2026.json,
bmt,2022-01-13,15.337,3.4,2:25PM,Partly Cloudy,-,bmt_pre2026.json,
bmt,2022-01-14,26.389,8.6,2:05PM,Fine,-,bmt_pre2026.json,
bmt,2022-01-15,30.464,7.9,1:00PM,Fine,-,bmt_pre2026.json,
bmt,2022-01-16,21.354,6.6,1:05PM,Fine,-,bmt_pre2026.json,
bmt,2022-01-17,15.002,5.8,2:05PM,Partly Cloudy,-,bmt_pre2026.json,
bmt,2022-01-18,30.517,9.1,2:00PM,Fine,-,bmt_pre2026.json,
bmt,2022-01-19,16.683,7.1,12:00PM,Partly Cloudy,-,bmt_pre2026.json,
bmt,2022-01-20,9.356,2.1,12:40PM,Mostly Cloudy,-,bmt_pre2026.json,
bmt,2022-01-21,25.332,8.2,12:50PM,Fine,-,bmt_pre2026.json,
bmt,2022-01-22,7.29,3.7,12:30PM,Cloudy,-,bmt_pre2026.json,
bmt,2022-01-23,19.858,8.7,3:00PM,Fine,-,bmt_pre2026.json,
bmt,2022-01-24,21.963,6.0,11:45AM,Fine,-,bmt_pre2026.json,
bmt,2022-01-25,36.899,11.9,1:20PM,Fine,-,bmt_pre2026.json,
bmt,2022-01-26,43.008,10.6,1:20PM,Fine,-,bmt_pre2026.json,
bmt,2022-01-27,69.25,12.4,12:10PM,Fine,-,bmt_pre2026.json,
bmt,2022-01-28,72.422,12.3,12:30PM,Fine,-,bmt_pre2026.json,
bmt,2022-01-29,66.254,11.8,12:35PM,Fine,-,bmt_pre2026.json,
bmt,2022-01-30,70.091,13.6,11:55AM,Fine,-,bmt_pre2026.json,
bmt,2022-01-31,58.394,11.0,12:40PM,Fine,-,bmt_pre2026.json,
bmt,2022-02-01,56.516,10.9,12:15PM,Fine,-,bmt_pre2026.json,
bmt,2022-02-02,44.932,13.0,11:00AM,Fine,-,bmt_pre2026.json,
bmt,2022-02-03,16.131,6.8,2:15PM,Mostly Cloudy,-,bmt_pre2026.json,
bmt,2022-02-04,48.744,13.4,12:40PM,Fine,-,bmt_pre2026.json,
bmt,2022-02-05,28.366,5.2,1:45PM,Fine,-,bmt_pre2026.json,
bmt,2022-02-06,47.035,11.7,12:40PM,Fine,-,bmt_pre2026.json,
bmt,2022-02-07,62.39,11.9,12:15PM,Fine,-,bmt_pre2026.json,
bmt,2022-02-08,75.746,12.7,12:40PM,Partly Cloudy,-,bmt_pre2026.json,
bmt,2022-02-09,41.223,11.3,12:25PM,Fine,-,bmt_pre2026.json,
bmt,2022-02-10,76.586,12.3,12:10PM,Fine,-,bmt_pre2026.json,
bmt,2022-02-11,81.786,12.9,12:35PM,Fine,-,bmt_pre2026.json,
bmt,2022-02-12,71.474,12.1,12:25PM,Fine,-,bmt_pre2026.json,
bmt,2022-02-13,80.659,13.7,12:30PM,Fine,-,bmt_pre2026.json,
bmt,2022-02-14,74.546,13.1,1:45PM,Fine,-,bmt_pre2026.json,
bmt,2022-02-15,71.316,12.8,12:25PM,Fine,-,bmt_pre2026.json,
bmt,2022-02-16,77.128,12.8,12:25PM,Fine,-,bmt_pre2026.json,
bmt,2022-02-17,74.562,13.1,12:50PM,Fine,-,bmt_pre2026.json,
bmt,2022-02-18,75.822,15.2,1:00PM,Fine,-,bmt_pre2026.json,
bmt,2022-02-19,86.324,13.7,12:25PM,Fine,-,bmt_pre2026.json,
bmt,2022-02-20,92.564,15.1,12:45PM,Fine,-,bmt_pre2026.json,
bmt,2022-02-21,93.973,14.4,12:35PM,Fine,-,bmt_pre2026.json,
bmt,2022-02-22,74.613,17.1,1:35PM,Fine,-,bmt_pre2026.json,
bmt,2022-02-23,73.933,14.2,11:05AM,Fine,-,bmt_pre2026.json,
bmt,2022-02-24,71.704,11.7,1:05PM,Fine,-,bmt_pre2026.json,
bmt,2022-02-25,62.07,12.6,12:10PM,Fine,-,bmt_pre2026.json,
bmt,2022-02-26,41.541,13.7,1:45PM,Fine,-,bmt_pre2026.json,
bmt,2022-02-27,80.771,13.8,12:00PM,Fine,-,bmt_pre2026.json,
bmt,2022-02-28,0.083,0.1,7:40AM,Showers,-,bmt_pre2026.json,
bmt,2022-03-01,43.817,12.6,12:15PM,Fine,-,bmt_pre2026.json,
bmt,2022-03-02,4.173,6.5,4:30PM,Showers,-,bmt_pre2026.json,
bmt,2022-03-03,14.724,7.9,10:00AM,Cloudy,-,bmt_pre2026.json,
bmt,2022-03-04,0.548,1.0,5:45PM,Showers,-,bmt_pre2026.json,
bmt,2022-03-05,0.284,0.6,7:15AM,Showers,-,bmt_pre2026.json,
bmt,2022-03-06,3.382,11.4,10:20AM,Showers,-,bmt_pre2026.json,
bmt,2022-03-07,0.024,0.1,7:40AM,Showers,-,bmt_pre2026.json,
bmt,2022-03-08,0.008,0.1,1:15PM,Showers,-,bmt_pre2026.json,
bmt,2022-03-09,0.234,0.5,6:20PM,Showers,-,bmt_pre2026.json,
bmt,2022-03-10,0.012,0.1,6:55AM,Showers,-,bmt_pre2026.json,
bmt,2022-03-11,0.008,0.1,3:00PM,Showers,-,bmt_pre2026.json,
bmt,2022-03-12,0.008,0.1,6:50AM,Showers,-,bmt_pre2026.json,
bmt,2022-03-13,0.04,0.1,8:40AM,Showers,-,bmt_pre2026.json,
bmt,2022-03-14,0.032,0.1,7:15AM,Showers,-,bmt_pre2026.json,
bmt,2022-03-15,0.016,0.1,8:40AM,Showers,-,bmt_pre2026.json,
bmt,2022-03-16,0.008,0.0,12:00AM,Showers,-,bmt_pre2026.json,
bmt,2022-03-17,0.04,0.1,10:15AM,Showers,-,bmt_pre2026.json,
bmt,2022-03-18,0.008,0.1,10:40AM,Showers,-,bmt_pre2026.json,
bmt,2022-03-19,0.008,0.1,12:15PM,Showers,-,bmt_pre2026.json,
bmt,2022-03-20,0.032,0.1,11:00AM,Showers,-,bmt_pre2026.json,
bmt,2022-03-21,0.024,0.1,6:30AM,Showers,-,bmt_pre2026.json,
bmt,2022-03-22,0.016,0.1,8:55AM,Showers,-,bmt_pre2026.json,
bmt,2022-03-23,2.542,6.8,3:55PM,Showers,-,bmt_pre2026.json,
bmt,2022-03-24,0.016,0.1,6:25AM,Showers,-,bmt_pre2026.json,
bmt,2022-03-25,12.599,9.0,3:45PM,Cloudy,-,bmt_pre2026.json,
bmt,2022-03-26,106.704,16.0,12:40PM,Fine,-,bmt_pre2026.json,
bmt,2022-03-27,110.324,15.9,1:20PM,Fine,-,bmt_pre2026.json,
bmt,2022-03-28,111.636,15.6,12:55PM,Fine,-,bmt_pre2026.json,
bmt,2022-03-29,108.683,15.5,12:20PM,Fine,-,bmt_pre2026.json,
bmt,2022-03-30,109.676,15.3,11:50AM,Fine,-,bmt_pre2026.json,
bmt,2022-03-31,108.144,15.3,12:15PM,Fine,-,bmt_pre2026.json,
bmt,2022-04-01,115.052,16.1,12:10PM,Fine,-,bmt_pre2026.json,
bmt,2022-04-02,109.454,15.7,12:45PM,Fine,-,bmt_pre2026.json,
bmt,2022-04-03,104.171,14.6,12:00PM,Fine,-,bmt_pre2026.json,
bmt,2022-04-04,102.913,15.7,12:20PM,Fine,-,bmt_pre2026.json,
bmt,2022-04-05,110.449,15.7,12:45PM,Fine,-,bmt_pre2026.json,
bmt,2022-04-06,102.994,14.8,12:25PM,Fine,-,bmt_pre2026.json,
bmt,2022-04-07,101.798,14.9,12:30PM,Fine,-,bmt_pre2026.json,
bmt,2022-04-08,97.477,13.9,12:25PM,Fine,-,bmt_pre2026.json,
bmt,2022-04-09,94.549,13.4,12:55PM,Fine,-,bmt_pre2026.json,
bmt,2022-04-10,99.643,13.9,12:20PM,Fine,-,bmt_pre2026.json,
bmt,2022-04-11,82.673,13.2,11:50AM,Fine,-,bmt_pre2026.json,
bmt,2022-04-12,52.405,11.0,2:30PM,Fine,-,bmt_pre2026.json,
bmt,2022-04-13,79.192,14.7,1:15PM,Fine,-,bmt_pre2026.json,
bmt,2022-04-14,86.582,14.5,11:40AM,Fine,-,bmt_pre2026.json,
bmt,2022-04-15,95.569,13.8,12:25PM,Partly Cloudy,-,bmt_pre2026.json,
bmt,2022-04-16,89.667,13.5,12:05PM,Fine,-,bmt_pre2026.json,
bmt,2022-04-17,89.659,14.3,1:40PM,Fine,-,bmt_pre2026.json,
bmt,2022-04-18,89.716,12.9,12:10PM,Fine,-,bmt_pre2026.json,
bmt,2022-04-19,86.717,13.0,12:05PM,Fine,-,bmt_pre2026.json,
bmt,2022-04-20,90.3,13.0,12:30PM,Fine,-,bmt_pre2026.json,
bmt,2022-04-21,62.774,13.9,2:30PM,Fine,-,bmt_pre2026.json,
bmt,2022-04-22,91.608,14.1,12:40PM,Fine,-,bmt_pre2026.json,
bmt,2022-04-23,79.48,13.6,12:25PM,Fine,-,bmt_pre2026.json,
bmt,2022-04-24,104.134,14.8,11:40AM,Fine,-,bmt_pre2026.json,
bmt,2022-04-25,89.592,13.6,12:25PM,Fine,-,bmt_pre2026.json,
bmt,2022-04-26,100.461,14.1,12:30PM,Fine,-,bmt_pre2026.json,
bmt,2022-04-27,95.5,13.9,12:35PM,Partly Cloudy,-,bmt_pre2026.json,
bmt,2022-04-28,87.006,12.8,1:10PM,Fine,-,bmt_pre2026.json,
bmt,2022-04-29,86.528,12.5,11:50AM,Fine,-,bmt_pre2026.json,
bmt,2022-04-30,86.39,12.1,12:00PM,Fine,-,bmt_pre2026.json,
bmt,2022-05-01,96.723,13.9,12:05PM,Fine,-,bmt_pre2026.json,
bmt,2022-05-02,101.377,13.7,11:40AM,Fine,-,bmt_pre2026.json,
bmt,2022-05-03,83.693,12.2,12:45PM,Fine,-,bmt_pre2026.json,
bmt,2022-05-04,76.677,14.2,11:50AM,Fine,-,bmt_pre2026.json,
bmt,2022-05-05,116.539,15.4,11:40AM,Fine,-,bmt_pre2026.json,
bmt,2022-05-06,87.593,18.1,12:00PM,Fine,-,bmt_pre2026.json,
bmt,2022-05-07,111.0,15.0,11:55AM,Fine,-,bmt_pre2026.json,
bmt,2022-05-08,102.749,14.0,11:35AM,Fine,-,bmt_pre2026.json,
bmt,2022-05-09,74.46,13.4,12:05PM,Fine,-,bmt_pre2026.json,
bmt,2022-05-10,94.572,12.9,12:10PM,Fine,-,bmt_pre2026.json,
bmt,2022-05-11,94.476,12.9,12:25PM,Fine,-,bmt_pre2026.json,
bmt,2022-05-12,102.157,13.9,12:20PM,Fine,-,bmt_pre2026.json,
bmt,2022-05-13,102.749,13.3,12:30PM,Fine,-,bmt_pre2026.json,
bmt,2022-05-14,110.043,14.4,11:30AM,Fine,-,bmt_pre2026.json,
bmt,2022-05-15,104.302,14.3,11:55AM,Fine,-,bmt_pre2026.json,
bmt,2022-05-16,82.566,13.7,12:55PM,Fine,-,bmt_pre2026.json,
bmt,2022-05-17,99.54,13.1,12:05PM,Fine,-,bmt_pre2026.json,
bmt,2022-05-18,104.389,13.7,12:15PM,Fine,-,bmt_pre2026.json,
bmt,2022-05-19,101.472,13.4,11:35AM,Fine,-,bmt_pre2026.json,
bmt,2022-05-20,97.378,14.6,12:40PM,Fine,-,bmt_pre2026.json,
bmt,2022-05-21,99.674,13.5,12:30PM,Fine,-,bmt_pre2026.json,
bmt,2022-05-22,121.676,16.1,12:05PM,Fine,-,bmt_pre2026.json,
bmt,2022-05-23,63.799,18.3,12:40PM,Fine,-,bmt_pre2026.json,
bmt,2022-05-24,98.379,24.7,11:15AM,Fine,-,bmt_pre2026.json,
bmt,2022-05-25,132.873,16.8,12:25PM,Fine,-,bmt_pre2026.json,
bmt,2022-05-26,107.164,16.9,10:50AM,Fine,-,bmt_pre2026.json,
bmt,2022-05-27,109.855,14.8,12:30PM,Fine,-,bmt_pre2026.json,
bmt,2022-05-28,101.883,15.9,12:05PM,Fine,-,bmt_pre2026.json,
bmt,2022-05-29,137.678,17.1,12:15PM,Fine,-,bmt_pre2026.json,
bmt,2022-05-30,102.437,15.1,12:40PM,Fine,-,bmt_pre2026.json,
bmt,2022-05-31,118.817,15.9,11:40AM,Fine,-,bmt_pre2026.json,
bmt,2022-06-01,125.585,15.6,12:15PM,Fine,-,bmt_pre2026.json,
bmt,2022-06-02,133.499,16.7,12:10PM,Fine,-,bmt_pre2026.json,
bmt,2022-06-03,118.93,17.3,2:20PM,Fine,-,bmt_pre2026.json,
bmt,2022-06-04,126.008,16.3,12:40PM,Fine,-,bmt_pre2026.json,
bmt,2022-06-05,127.99,16.6,12:00PM,Fine,-,bmt_pre2026.json,
bmt,2022-06-06,128.189,16.4,12:30PM,Fine,-,bmt_pre2026.json,
bmt,2022-06-07,124.577,15.4,12:40PM,Fine,-,bmt_pre2026.json,
bmt,2022-06-08,115.861,16.3,12:45PM,Fine,-,bmt_pre2026.json,
bmt,2022-06-09,120.863,15.4,11:40AM,Fine,-,bmt_pre2026.json,
bmt,2022-06-10,107.924,16.0,11:50AM,Fine,-,bmt_pre2026.json,
bmt,2022-06-11,107.723,14.6,11:50AM,Fine,-,bmt_pre2026.json,
bmt,2022-06-12,119.492,15.6,12:50PM,Fine,-,bmt_pre2026.json,
bmt,2022-06-13,119.66,15.8,12:45PM,Fine,-,bmt_pre2026.json,
bmt,2022-06-14,122.201,15.8,12:40PM,Fine,-,bmt_pre2026.json,
bmt,2022-06-15,122.563,15.5,12:25PM,Fine,-,bmt_pre2026.json,
bmt,2022-06-16,123.333,16.5,11:55AM,Fine,-,bmt_pre2026.json,
bmt,2022-06-17,45.072,13.5,2:45PM,Fine,-,bmt_pre2026.json,
bmt,2022-06-18,123.599,21.3,12:25PM,Fine,-,bmt_pre2026.json,
bmt,2022-06-19,120.571,23.9,12:20PM,Fine,-,bmt_pre2026.json,
bmt,2022-06-20,115.112,17.5,12:05PM,Fine,-,bmt_pre2026.json,
bmt,2022-06-21,49.84,21.8,1:10PM,Fine,-,bmt_pre2026.json,
bmt,2022-06-22,122.507,17.4,1:30PM,Fine,-,bmt_pre2026.json,
bmt,2022-06-23,149.529,18.3,12:20PM,Fine,-,bmt_pre2026.json,
bmt,2022-06-24,137.01,17.5,11:35AM,Fine,-,bmt_pre2026.json,
bmt,2022-06-25,134.005,16.6,11:55AM,Fine,-,bmt_pre2026.json,
bmt,2022-06-26,96.634,15.9,11:45AM,Fine,-,bmt_pre2026.json,
bmt,2022-06-27,100.895,15.0,12:20PM,Fine,-,bmt_pre2026.json,
bmt,2022-06-28,102.511,14.8,12:40PM,Fine,-,bmt_pre2026.json,
bmt,2022-06-29,102.633,14.8,12:00PM,Fine,-,bmt_pre2026.json,
bmt,2022-06-30,66.413,14.2,1:50PM,Fine,-,bmt_pre2026.json,
bmt,2022-07-01,55.727,15.2,2:45PM,Fine,-,bmt_pre2026.json,
bmt,2022-07-02,82.163,17.8,12:05PM,Fine,-,bmt_pre2026.json,
bmt,2022-07-03,84.324,15.1,12:35PM,Fine,-,bmt_pre2026.json,
bmt,2022-07-04,92.091,21.1,11:15AM,Fine,-,bmt_pre2026.json,
bmt,2022-07-05,98.734,16.9,11:45AM,Fine,-,bmt_pre2026.json,
bmt,2022-07-06,46.441,8.4,9:10AM,Fine,-,bmt_pre2026.json,
bmt,2022-07-07,108.359,17.7,12:20PM,Fine,-,bmt_pre2026.json,
bmt,2022-07-08,87.373,16.3,1:15PM,Fine,-,bmt_pre2026.json,
bmt,2022-07-09,62.764,13.8,10:30AM,Fine,-,bmt_pre2026.json,
bmt,2022-07-10,103.117,18.0,1:00PM,Fine,-,bmt_pre2026.json,
bmt,2022-07-11,101.304,17.5,12:15PM,Fine,-,bmt_pre2026.json,
bmt,2022-07-12,105.192,17.6,11:40AM,Fine,-,bmt_pre2026.json,
bmt,2022-07-13,82.658,16.8,10:35AM,Fine,-,bmt_pre2026.json,
bmt,2022-07-14,31.914,12.4,9:25AM,Fine,-,bmt_pre2026.json,
bmt,2022-07-15,50.26,16.2,2:15PM,Fine,-,bmt_pre2026.json,
bmt,2022-07-16,133.378,19.0,10:10AM,Fine,-,bmt_pre2026.json,
bmt,2022-07-17,98.148,21.3,12:25PM,Fine,-,bmt_pre2026.json,
bmt,2022-07-18,113.833,18.0,12:35PM,Fine,-,bmt_pre2026.json,
bmt,2022-07-19,86.357,16.4,11:15AM,Fine,-,bmt_pre2026.json,
bmt,2022-07-20,78.697,18.1,1:55PM,Fine,-,bmt_pre2026.json,
bmt,2022-07-21,38.122,10.8,2:55PM,Fine,-,bmt_pre2026.json,
bmt,2022-07-22,117.179,20.2,12:20PM,Fine,-,bmt_pre2026.json,
bmt,2022-07-23,52.906,11.5,8:25AM,Fine,-,bmt_pre2026.json,
bmt,2022-07-24,130.088,20.1,1:15PM,Fine,-,bmt_pre2026.json,
bmt,2022-07-25,116.191,20.4,12:00PM,Fine,-,bmt_pre2026.json,
bmt,2022-07-26,87.679,19.0,10:40AM,Fine,-,bmt_pre2026.json,
bmt,2022-07-27,2.858,8.7,1:20PM,Showers,-,bmt_pre2026.json,
bmt,2022-07-28,49.515,13.8,2:00PM,Fine,-,bmt_pre2026.json,
bmt,2022-07-29,69.543,19.0,1:05PM,Fine,-,bmt_pre2026.json,
bmt,2022-07-30,98.545,18.7,12:15PM,Fine,-,bmt_pre2026.json,
bmt,2022-07-31,85.385,19.0,12:05PM,Fine,-,bmt_pre2026.json,
bmt,2022-08-01,130.286,20.5,1:25PM,Fine,-,bmt_pre2026.json,
bmt,2022-08-02,83.303,17.6,11:25AM,Fine,-,bmt_pre2026.json,
bmt,2022-08-03,89.082,17.2,11:25AM,Fine,-,bmt_pre2026.json,
bmt,2022-08-04,97.91,18.8,11:35AM,Fine,-,bmt_pre2026.json,
bmt,2022-08-05,18.395,10.3,10:05AM,Mostly Cloudy,-,bmt_pre2026.json,
bmt,2022-08-06,91.241,19.8,1:15PM,Fine,-,bmt_pre2026.json,
bmt,2022-08-07,2.604,2.3,3:55PM,Showers,-,bmt_pre2026.json,
bmt,2022-08-08,111.411,18.9,11:45AM,Fine,-,bmt_pre2026.json,
bmt,2022-08-09,73.329,19.9,11:40AM,Fine,-,bmt_pre2026.json,
bmt,2022-08-10,135.847,17.2,12:15PM,Fine,-,bmt_pre2026.json,
bmt,2022-08-11,26.917,8.4,2:10PM,Partly Cloudy,-,bmt_pre2026.json,
bmt,2022-08-12,128.737,20.7,1:20PM,Fine,-,bmt_pre2026.json,
bmt,2022-08-13,128.254,18.5,11:30AM,Fine,-,bmt_pre2026.json,
bmt,2022-08-14,88.491,18.5,12:45PM,Fine,-,bmt_pre2026.json,
bmt,2022-08-15,44.072,15.0,1:50PM,Fine,-,bmt_pre2026.json,
bmt,2022-08-16,102.448,19.8,2:15PM,Fine,-,bmt_pre2026.json,
bmt,2022-08-17,123.05,20.1,12:45PM,Fine,-,bmt_pre2026.json,
bmt,2022-08-18,128.192,18.8,12:55PM,Fine,-,bmt_pre2026.json,
bmt,2022-08-19,120.275,19.2,11:45AM,Fine,-,bmt_pre2026.json,
bmt,2022-08-20,113.837,20.5,12:20PM,Fine,-,bmt_pre2026.json,
bmt,2022-08-21,115.679,18.5,12:05PM,Fine,-,bmt_pre2026.json,
bmt,2022-08-22,124.536,16.9,12:30PM,Fine,-,bmt_pre2026.json,
bmt,2022-08-23,104.205,17.7,11:50AM,Fine,-,bmt_pre2026.json,
bmt,2022-08-24,120.648,20.5,11:15AM,Fine,-,bmt_pre2026.json,
bmt,2022-08-25,98.912,20.4,10:50AM,Fine,-,bmt_pre2026.json,
bmt,2022-08-26,78.54,18.0,11:20AM,Fine,-,bmt_pre2026.json,
bmt,2022-08-27,88.086,19.1,12:25PM,Fine,-,bmt_pre2026.json,
bmt,2022-08-28,89.118,20.1,12:10PM,Fine,-,bmt_pre2026.json,
bmt,2022-08-29,101.43,18.4,10:20AM,Fine,-,bmt_pre2026.json,
bmt,2022-08-30,92.167,20.0,1:50PM,Fine,-,bmt_pre2026.json,
bmt,2022-08-31,98.46,19.1,2:30PM,Fine,-,bmt_pre2026.json,
bmt,2022-09-01,117.973,16.8,12:10PM,Fine,-,bmt_pre2026.json,
bmt,2022-09-02,114.173,17.0,12:10PM,Fine,-,bmt_pre2026.json,
bmt,2022-09-03,103.201,18.2,12:30PM,Fine,-,bmt_pre2026.json,
bmt,2022-09-04,122.467,16.8,11:45AM,Fine,-,bmt_pre2026.json,
bmt,2022-09-05,34.815,16.9,1:35PM,Fine,-,bmt_pre2026.json,
bmt,2022-09-06,105.552,18.4,1:30PM,Fine,-,bmt_pre2026.json,
bmt,2022-09-07,109.751,18.3,12:15PM,Fine,-,bmt_pre2026.json,
bmt,2022-09-08,75.122,16.6,12:00PM,Fine,-,bmt_pre2026.json,
bmt,2022-09-09,97.014,16.1,12:55PM,Fine,-,bmt_pre2026.json,
bmt,2022-09-10,68.824,15.7,1:15PM,Fine,-,bmt_pre2026.json,
bmt,2022-09-11,77.223,17.1,12:05PM,Fine,-,bmt_pre2026.json,
bmt,2022-09-12,115.813,16.2,12:30PM,Fine,-,bmt_pre2026.json,
bmt,2022-09-13,105.409,16.2,1:35PM,Fine,-,bmt_pre2026.json,
bmt,2022-09-14,77.065,16.9,2:05PM,Fine,-,bmt_pre2026.json,
bmt,2022-09-15,90.559,17.3,12:45PM,Fine,-,bmt_pre2026.json,
bmt,2022-09-16,92.354,16.0,1:10PM,Fine,-,bmt_pre2026.json,
bmt,2022-09-17,100.365,15.6,11:30AM,Fine,-,bmt_pre2026.json,
bmt,2022-09-18,102.31,17.1,12:05PM,Fine,-,bmt_pre2026.json,
bmt,2022-09-19,98.559,16.8,12:05PM,Fine,-,bmt_pre2026.json,
bmt,2022-09-20,79.512,18.2,12:55PM,Fine,-,bmt_pre2026.json,
bmt,2022-09-21,103.458,18.6,11:35AM,Fine,-,bmt_pre2026.json,
bmt,2022-09-22,103.972,16.3,11:10AM,Fine,-,bmt_pre2026.json,
bmt,2022-09-23,67.756,19.9,12:50PM,Fine,-,bmt_pre2026.json,
bmt,2022-09-24,34.841,7.4,11:50AM,Fine,-,bmt_pre2026.json,
bmt,2022-09-25,77.226,23.5,12:15PM,Fine,-,bmt_pre2026.json,
bmt,2022-09-26,78.551,19.0,1:15PM,Fine,-,bmt_pre2026.json,
bmt,2022-09-27,97.9,17.1,12:15PM,Fine,-,bmt_pre2026.json,
bmt,2022-09-28,82.286,17.6,12:45PM,Fine,-,bmt_pre2026.json,
bmt,2022-09-29,88.742,14.7,11:35AM,Fine,-,bmt_pre2026.json,
bmt,2022-09-30,100.599,14.9,11:55AM,Fine,-,bmt_pre2026.json,
bmt,2022-10-01,102.302,15.0,11:50AM,Fine,-,bmt_pre2026.json,
bmt,2022-10-02,98.088,15.3,12:20PM,Fine,-,bmt_pre2026.json,
bmt,2022-10-03,93.826,14.7,12:00PM,Fine,-,bmt_pre2026.json,
bmt,2022-10-04,100.56,15.0,12:10PM,Fine,-,bmt_pre2026.json,
bmt,2022-10-05,91.059,15.2,12:10PM,Fine,-,bmt_pre2026.json,
bmt,2022-10-06,90.102,13.8,11:35AM,Fine,-,bmt_pre2026.json,
bmt,2022-10-07,67.06,14.7,12:05PM,Fine,-,bmt_pre2026.json,
bmt,2022-10-08,72.511,14.1,11:45AM,Fine,-,bmt_pre2026.json,
bmt,2022-10-09,61.902,14.0,12:10PM,Fine,-,bmt_pre2026.json,
bmt,2022-10-10,39.867,13.6,1:45PM,Mostly Cloudy,-,bmt_pre2026.json,
bmt,2022-10-11,45.206,13.7,11:50AM,Fine,-,bmt_pre2026.json,
bmt,2022-10-12,93.723,14.6,11:45AM,Fine,-,bmt_pre2026.json,
bmt,2022-10-13,96.601,14.5,12:05PM,Fine,-,bmt_pre2026.json,
bmt,2022-10-14,77.953,14.3,12:00PM,Fine,-,bmt_pre2026.json,
bmt,2022-10-15,92.429,14.1,11:45AM,Fine,-,bmt_pre2026.json,
bmt,2022-10-16,85.051,14.0,12:15PM,Fine,-,bmt_pre2026.json,
bmt,2022-10-17,74.674,13.4,12:00PM,Fine,-,bmt_pre2026.json,
bmt,2022-10-18,73.213,12.7,11:45AM,Fine,-,bmt_pre2026.json,
bmt,2022-10-19,70.73,11.3,12:10PM,Fine,-,bmt_pre2026.json,
bmt,2022-10-20,59.706,11.5,11:40AM,Fine,-,bmt_pre2026.json,
bmt,2022-10-21,77.941,12.2,12:00PM,Fine,-,bmt_pre2026.json,
bmt,2022-10-22,86.147,13.6,11:55AM,Fine,-,bmt_pre2026.json,
bmt,2022-10-23,86.867,13.5,12:15PM,Fine,-,bmt_pre2026.json,
bmt,2022-10-24,82.335,13.5,11:45AM,Fine,-,bmt_pre2026.json,
bmt,2022-10-25,74.174,12.5,11:50AM,Fine,-,bmt_pre2026.json,
bmt,2022-10-26,68.244,11.4,12:10PM,Fine,-,bmt_pre2026.json,
bmt,2022-10-27,68.869,11.1,11:50AM,Fine,-,bmt_pre2026.json,
bmt,2022-10-28,67.754,11.3,12:05PM,Fine,-,bmt_pre2026.json,
bmt,2022-10-29,61.293,11.3,12:10PM,Fine,-,bmt_pre2026.json,
bmt,2022-10-30,51.895,9.8,11:25AM,Fine,-,bmt_pre2026.json,
bmt,2022-10-31,52.573,9.0,12:05PM,Mostly Cloudy,-,bmt_pre2026.json,
bmt,2022-11-01,14.474,6.8,11:20AM,Mostly Cloudy,-,bmt_pre2026.json,
bmt,2022-11-02,60.155,11.8,12:15PM,Fine,-,bmt_pre2026.json,
bmt,2022-11-03,54.889,12.0,11:40AM,Fine,-,bmt_pre2026.json,
bmt,2022-11-04,52.474,11.1,12:25PM,Fine,-,bmt_pre2026.json,
bmt,2022-11-05,34.38,8.2,11:50AM,Fine,-,bmt_pre2026.json,
bmt,2022-11-06,54.346,12.1,12:10PM,Fine,-,bmt_pre2026.json,
bmt,2022-11-07,48.004,9.2,12:35PM,Fine,-,bmt_pre2026.json,
bmt,2022-11-08,67.175,14.5,11:55AM,Fine,-,bmt_pre2026.json,
bmt,2022-11-09,54.041,12.5,11:35AM,Fine,-,bmt_pre2026.json,
bmt,2022-11-10,30.85,11.8,12:55PM,Fine,-,bmt_pre2026.json,
bmt,2022-11-11,80.892,13.1,11:55AM,Fine,-,bmt_pre2026.json,
bmt,2022-11-12,76.282,12.8,11:30AM,Fine,-,bmt_pre2026.json,
bmt,2022-11-13,78.95,14.1,1:05PM,Fine,-,bmt_pre2026.json,
bmt,2022-11-14,37.899,13.8,12:00PM,Fine,-,bmt_pre2026.json,
bmt,2022-11-15,68.377,11.6,12:05PM,Fine,-,bmt_pre2026.json,
bmt,2022-11-16,68.1,12.4,12:20PM,Fine,-,bmt_pre2026.json,
bmt,2022-11-17,76.877,13.3,12:00PM,Fine,-,bmt_pre2026.json,
bmt,2022-11-18,68.013,13.5,11:55AM,Fine,-,bmt_pre2026.json,
bmt,2022-11-19,58.289,12.0,12:35PM,Fine,-,bmt_pre2026.json,
bmt,2022-11-20,75.58,12.4,12:05PM,Fine,-,bmt_pre2026.json,
bmt,2022-11-21,33.754,12.6,12:30PM,Partly Cloudy,-,bmt_pre2026.json,
bmt,2022-11-24,24.454,11.2,1:00PM,Fine,-,bmt_pre2026.json,
bmt,2022-11-25,60.396,10.8,12:00PM,Fine,-,bmt_pre2026.json,
bmt,2022-11-26,58.943,10.7,11:20AM,Fine,-,bmt_pre2026.json,
bmt,2022-11-27,67.182,12.0,11:55AM,Fine,-,bmt_pre2026.json,
bmt,2022-11-28,62.537,10.9,1:00PM,Fine,-,bmt_pre2026.json,
bmt,2022-11-29,66.795,11.8,12:15PM,Fine,-,bmt_pre2026.json,
bmt,2022-11-30,63.514,11.2,11:35AM,Fine,-,bmt_pre2026.json,
bmt,2022-12-01,43.157,10.3,11:25AM,Fine,-,bmt_pre2026.json,
bmt,2022-12-02,41.329,10.1,11:45AM,Fine,-,bmt_pre2026.json,
bmt,2022-12-03,40.78,10.8,11:45AM,Fine,-,bmt_pre2026.json,
bmt,2022-12-04,71.987,12.7,12:10PM,Fine,-,bmt_pre2026.json,
bmt,2022-12-05,20.977,7.9,11:40AM,Fine,-,bmt_pre2026.json,
bmt,2022-12-06,71.318,12.5,12:30PM,Fine,-,bmt_pre2026.json,
bmt,2022-12-07,68.617,12.2,12:15PM,Fine,-,bmt_pre2026.json,
bmt,2022-12-08,55.252,13.7,12:10PM,Partly Cloudy,-,bmt_pre2026.json,
bmt,2022-12-09,61.613,12.6,11:40AM,Fine,-,bmt_pre2026.json,
bmt,2022-12-10,61.562,13.2,11:05AM,Fine,-,bmt_pre2026.json,
bmt,2022-12-11,80.648,13.5,12:00PM,Fine,-,bmt_pre2026.json,
bmt,2022-12-12,12.069,8.0,1:50PM,Mostly Cloudy,-,bmt_pre2026.json,
bmt,2022-12-13,71.337,12.9,11:45AM,Fine,-,bmt_pre2026.json,
bmt,2022-12-14,75.026,13.1,12:30PM,Fine,-,bmt_pre2026.json,
bmt,2022-12-15,65.664,12.7,12:30PM,Fine,-,bmt_pre2026.json,
bmt,2022-12-16,63.374,12.1,12:05PM,Fine,-,bmt_pre2026.json,
bmt,2022-12-17,23.235,10.2,1:30PM,Fine,-,bmt_pre2026.json,
bmt,2022-12-18,40.53,9.8,11:45AM,Partly Cloudy,-,bmt_pre2026.json,
bmt,2022-12-19,19.866,10.2,12:40PM,Partly Cloudy,-,bmt_pre2026.json,
bmt,2022-12-20,35.027,9.8,12:35PM,Fine,-,bmt_pre2026.json,
bmt,2022-12-21,13.067,3.0,11:45AM,Mostly Cloudy,-,bmt_pre2026.json,
bmt,2022-12-22,14.178,3.5,1:50PM,Partly Cloudy,-,bmt_pre2026.json,
bmt,2022-12-23,17.936,3.6,12:00PM,Partly Cloudy,-,bmt_pre2026.json,
bmt,2022-12-24,35.502,10.6,1:25PM,Mostly Cloudy,-,bmt_pre2026.json,
bmt,2022-12-25,18.098,8.8,1:15PM,Partly Cloudy,-,bmt_pre2026.json,
bmt,2022-12-26,18.392,7.7,12:15PM,Cloudy,-,bmt_pre2026.json,
bmt,2022-12-27,36.249,11.1,11:20AM,Fine,-,bmt_pre2026.json,
bmt,2022-12-28,40.679,10.6,1:15PM,Fine,-,bmt_pre2026.json,
bmt,2022-12-29,11.024,6.5,11:10AM,Mostly Cloudy,-,bmt_pre2026.json,
bmt,2022-12-30,58.848,11.5,12:35PM,Fine,-,bmt_pre2026.json,
bmt,2022-12-31,71.822,12.4,12:40PM,Fine,-,bmt_pre2026.json,
bmt,2023-01-01,31.894,8.9,12:35PM,Mostly Cloudy,-,bmt_pre2026.json,
bmt,2023-01-02,18.727,7.4,2:20PM,Fine,-,bmt_pre2026.json,
bmt,2023-01-03,15.758,5.2,3:00PM,Partly Cloudy,-,bmt_pre2026.json,
bmt,2023-01-04,35.543,10.0,11:25AM,Fine,-,bmt_pre2026.json,
bmt,2023-01-05,34.777,9.5,12:05PM,Fine,-,bmt_pre2026.json,
bmt,2023-01-06,27.23,6.7,12:25PM,Fine,-,bmt_pre2026.json,
bmt,2023-01-07,40.572,11.2,12:45PM,Fine,-,bmt_pre2026.json,
bmt,2023-01-08,48.303,14.2,1:50PM,Fine,-,bmt_pre2026.json,
bmt,2023-01-09,24.671,11.7,2:10PM,Fine,-,bmt_pre2026.json,
bmt,2023-01-10,32.851,10.1,2:00PM,Fine,-,bmt_pre2026.json,
bmt,2023-01-11,8.993,2.6,12:55PM,Mostly Cloudy,-,bmt_pre2026.json,
bmt,2023-01-12,39.16,10.8,1:30PM,Fine,-,bmt_pre2026.json,
bmt,2023-01-13,7.791,3.0,2:40PM,Showers,-,bmt_pre2026.json,
bmt,2023-01-14,72.971,12.9,12:35PM,Fine,-,bmt_pre2026.json,
bmt,2023-01-15,38.664,12.7,11:55AM,Fine,-,bmt_pre2026.json,
bmt,2023-01-16,44.419,11.8,11:00AM,Fine,-,bmt_pre2026.json,
bmt,2023-01-17,72.625,12.9,12:45PM,Fine,-,bmt_pre2026.json,
bmt,2023-01-18,51.127,13.3,1:25PM,Fine,-,bmt_pre2026.json,
bmt,2023-01-19,53.257,12.3,11:55AM,Fine,-,bmt_pre2026.json,
bmt,2023-01-20,13.961,4.3,11:40AM,Cloudy,-,bmt_pre2026.json,
bmt,2023-01-21,25.184,14.2,1:30PM,Fine,-,bmt_pre2026.json,
bmt,2023-01-22,66.827,12.1,12:20PM,Fine,-,bmt_pre2026.json,
bmt,2023-01-23,41.292,10.6,12:30PM,Fine,-,bmt_pre2026.json,
bmt,2023-01-24,35.557,12.4,12:15PM,Fine,-,bmt_pre2026.json,
bmt,2023-01-25,22.434,7.3,2:55PM,Fine,-,bmt_pre2026.json,
bmt,2023-01-26,64.907,12.8,12:20PM,Fine,-,bmt_pre2026.json,
bmt,2023-01-27,75.344,13.1,1:15PM,Fine,-,bmt_pre2026.json,
bmt,2023-01-28,69.774,16.8,12:35PM,Fine,-,bmt_pre2026.json,
bmt,2023-01-29,36.978,9.9,1:15PM,Fine,-,bmt_pre2026.json,
bmt,2023-01-30,33.166,17.7,12:55PM,Fine,-,bmt_pre2026.json,
bmt,2023-01-31,87.193,14.9,12:40PM,Fine,-,bmt_pre2026.json,
bmt,2023-02-01,88.415,15.6,1:05PM,Fine,-,bmt_pre2026.json,
bmt,2023-02-02,76.839,17.4,11:55AM,Fine,-,bmt_pre2026.json,
bmt,2023-02-03,80.171,18.0,1:15PM,Fine,-,bmt_pre2026.json,
bmt,2023-02-04,80.876,14.1,12:45PM,Fine,-,bmt_pre2026.json,
bmt,2023-02-05,89.292,16.3,1:05PM,Fine,-,bmt_pre2026.json,
bmt,2023-02-06,79.919,14.0,12:25PM,Fine,-,bmt_pre2026.json,
bmt,2023-02-07,95.063,15.1,1:00PM,Fine,-,bmt_pre2026.json,
bmt,2023-02-08,71.473,15.9,11:50AM,Fine,-,bmt_pre2026.json,
bmt,2023-02-09,30.656,10.5,12:45PM,Fine,-,bmt_pre2026.json,
bmt,2023-02-10,66.908,12.0,1:10PM,Fine,-,bmt_pre2026.json,
bmt,2023-02-11,86.479,13.9,12:50PM,Fine,-,bmt_pre2026.json,
bmt,2023-02-12,89.0,14.3,12:15PM,Fine,-,bmt_pre2026.json,
bmt,2023-02-13,85.238,14.4,12:30PM,Fine,-,bmt_pre2026.json,
bmt,2023-02-14,79.451,13.1,1:10PM,Fine,-,bmt_pre2026.json,
bmt,2023-02-15,84.622,13.1,12:40PM,Fine,-,bmt_pre2026.json,
bmt,2023-02-16,63.601,13.1,12:45PM,Fine,-,bmt_pre2026.json,
bmt,2023-02-17,55.742,10.5,1:25PM,Fine,-,bmt_pre2026.json,
bmt,2023-02-18,78.204,13.3,1:00PM,Fine,-,bmt_pre2026.json,
bmt,2023-02-19,60.305,12.0,1:00PM,Fine,-,bmt_pre2026.json,
bmt,2023-02-20,35.101,8.9,10:10AM,Fine,-,bmt_pre2026.json,
bmt,2023-02-21,69.892,11.8,12:40PM,Fine,-,bmt_pre2026.json,
bmt,2023-02-22,65.96,15.1,2:05PM,Fine,-,bmt_pre2026.json,
bmt,2023-02-23,87.762,13.9,12:50PM,Fine,-,bmt_pre2026.json,
bmt,2023-02-24,80.338,12.9,12:25PM,Fine,-,bmt_pre2026.json,
bmt,2023-02-25,74.896,12.5,1:00PM,Fine,-,bmt_pre2026.json,
bmt,2023-02-26,89.553,14.5,1:05PM,Fine,-,bmt_pre2026.json,
bmt,2023-02-27,97.702,14.7,12:25PM,Fine,-,bmt_pre2026.json,
bmt,2023-02-28,61.575,16.3,12:10PM,Fine,-,bmt_pre2026.json,
bmt,2023-03-01,90.671,17.3,1:00PM,Fine,-,bmt_pre2026.json,
bmt,2023-03-02,84.119,18.8,12:00PM,Fine,-,bmt_pre2026.json,
bmt,2023-03-03,101.136,16.2,12:35PM,Fine,-,bmt_pre2026.json,
bmt,2023-03-04,76.449,15.5,11:50AM,Fine,-,bmt_pre2026.json,
bmt,2023-03-05,105.107,15.8,12:55PM,Fine,-,bmt_pre2026.json,
bmt,2023-03-06,57.372,15.3,12:05PM,Fine,-,bmt_pre2026.json,
bmt,2023-03-07,96.921,15.4,1:00PM,Fine,-,bmt_pre2026.json,
bmt,2023-03-08,95.71,14.5,1:25PM,Fine,-,bmt_pre2026.json,
bmt,2023-03-09,81.6,14.8,12:25PM,Fine,-,bmt_pre2026.json,
bmt,2023-03-10,82.909,14.9,12:35PM,Partly Cloudy,-,bmt_pre2026.json,
bmt,2023-03-12,69.825,15.4,1:10PM,Fine,-,bmt_pre2026.json,
bmt,2023-03-13,62.112,13.1,2:15PM,Fine,-,bmt_pre2026.json,
bmt,2023-03-14,98.655,15.4,1:30PM,Fine,-,bmt_pre2026.json,
bmt,2023-03-15,88.052,14.1,12:10PM,Fine,-,bmt_pre2026.json,
bmt,2023-03-16,97.362,14.2,12:20PM,Fine,-,bmt_pre2026.json,
bmt,2023-03-17,7.191,4.5,3:15PM,Showers,-,bmt_pre2026.json,
bmt,2023-03-18,75.713,16.7,10:35AM,Fine,-,bmt_pre2026.json,
bmt,2023-03-19,101.035,16.5,12:15PM,Fine,-,bmt_pre2026.json,
bmt,2023-03-20,51.91,17.4,1:20PM,Fine,-,bmt_pre2026.json,
bmt,2023-03-21,105.083,18.0,1:10PM,Fine,-,bmt_pre2026.json,
bmt,2023-03-22,105.012,16.6,11:30AM,Fine,-,bmt_pre2026.json,
bmt,2023-03-23,92.563,17.6,1:25PM,Fine,-,bmt_pre2026.json,
bmt,2023-03-24,36.937,20.5,12:30PM,Fine,-,bmt_pre2026.json,
bmt,2023-03-25,0.033,0.4,6:55AM,Showers,-,bmt_pre2026.json,
bmt,2023-03-26,3.759,6.6,8:20AM,Showers,-,bmt_pre2026.json,
bmt,2023-03-27,30.231,15.0,10:35AM,Partly Cloudy,-,bmt_pre2026.json,
bmt,2023-03-28,19.767,13.8,10:15AM,Showers,-,bmt_pre2026.json,
bmt,2023-03-29,18.409,12.5,9:55AM,Mostly Cloudy,-,bmt_pre2026.json,
bmt,2023-03-30,14.015,18.6,10:10AM,Showers,-,bmt_pre2026.json,
bmt,2023-03-31,0.0,0.0,12:20AM,Not Sure,-,bmt_pre2026.json,zero
bmt,2023-04-01,2.992,11.6,3:00PM,Showers,-,bmt_pre2026.json,
bmt,2023-04-02,11.225,11.4,9:15AM,Cloudy,-,bmt_pre2026.json,
bmt,2023-04-03,2.517,4.0,7:40AM,Showers,-,bmt_pre2026.json,
bmt,2023-04-04,12.392,11.9,9:20AM,Cloudy,-,bmt_pre2026.json,
bmt,2023-04-05,19.051,12.5,9:35AM,Mostly Cloudy,-,bmt_pre2026.json,
bmt,2023-04-06,16.547,11.7,9:25AM,Showers,-,bmt_pre2026.json,
bmt,2023-04-07,32.601,15.9,10:40AM,Partly Cloudy,-,bmt_pre2026.json,
bmt,2023-04-08,39.271,16.1,10:45AM,Fine,-,bmt_pre2026.json,
bmt,2023-04-09,65.348,16.4,12:50PM,Fine,-,bmt_pre2026.json,
bmt,2023-04-10,46.566,13.3,9:50AM,Fine,-,bmt_pre2026.json,
bmt,2023-04-11,116.257,16.0,11:55AM,Fine,-,bmt_pre2026.json,
bmt,2023-04-12,110.093,15.9,12:50PM,Fine,-,bmt_pre2026.json,
bmt,2023-04-13,113.932,15.9,12:35PM,Fine,-,bmt_pre2026.json,
bmt,2023-04-14,110.282,15.0,12:20PM,Fine,-,bmt_pre2026.json,
bmt,2023-04-15,111.403,15.1,1:05PM,Fine,-,bmt_pre2026.json,
bmt,2023-04-16,95.683,16.1,12:05PM,Fine,-,bmt_pre2026.json,
bmt,2023-04-17,106.782,14.8,12:05PM,Fine,-,bmt_pre2026.json,
bmt,2023-04-18,96.302,17.9,12:45PM,Fine,-,bmt_pre2026.json,
bmt,2023-04-19,101.23,19.7,12:05PM,Fine,-,bmt_pre2026.json,
bmt,2023-04-20,118.013,18.6,12:05PM,Fine,-,bmt_pre2026.json,
bmt,2023-04-21,132.821,17.2,11:40AM,Fine,-,bmt_pre2026.json,
bmt,2023-04-22,101.594,18.6,1:30PM,Fine,-,bmt_pre2026.json,
bmt,2023-04-23,135.971,17.2,12:05PM,Fine,-,bmt_pre2026.json,
bmt,2023-04-24,122.478,16.7,11:45AM,Fine,-,bmt_pre2026.json,
bmt,2023-04-25,109.527,16.1,12:05PM,Fine,-,bmt_pre2026.json,
bmt,2023-04-26,104.788,14.6,12:40PM,Fine,-,bmt_pre2026.json,
bmt,2023-04-27,106.021,19.7,11:35AM,Fine,-,bmt_pre2026.json,
bmt,2023-04-28,106.368,14.9,11:40AM,Fine,-,bmt_pre2026.json,
bmt,2023-04-29,89.19,14.9,12:50PM,Fine,-,bmt_pre2026.json,
bmt,2023-04-30,113.353,17.0,12:05PM,Fine,-,bmt_pre2026.json,
bmt,2023-05-01,59.147,10.6,3:25PM,Fine,-,bmt_pre2026.json,
bmt,2023-05-02,78.5,15.0,12:20PM,Fine,-,bmt_pre2026.json,
bmt,2023-05-03,104.883,19.7,11:50AM,Fine,-,bmt_pre2026.json,
bmt,2023-05-04,102.189,16.1,12:20PM,Partly Cloudy,-,bmt_pre2026.json,
bmt,2023-05-05,137.795,17.2,12:50PM,Fine,-,bmt_pre2026.json,
bmt,2023-05-06,129.641,17.1,12:05PM,Fine,-,bmt_pre2026.json,
bmt,2023-05-07,136.393,17.8,11:25AM,Fine,-,bmt_pre2026.json,
bmt,2023-05-08,57.263,13.5,9:40AM,Fine,-,bmt_pre2026.json,
bmt,2023-05-09,141.176,17.7,11:30AM,Fine,-,bmt_pre2026.json,
bmt,2023-05-10,138.801,18.1,11:45AM,Fine,-,bmt_pre2026.json,
bmt,2023-05-11,123.196,17.3,11:45AM,Fine,-,bmt_pre2026.json,
bmt,2023-05-12,122.677,16.0,11:55AM,Fine,-,bmt_pre2026.json,
bmt,2023-05-13,103.676,16.9,11:20AM,Fine,-,bmt_pre2026.json,
bmt,2023-05-14,115.764,15.2,12:30PM,Fine,-,bmt_pre2026.json,
bmt,2023-05-15,63.677,14.9,12:35PM,Fine,-,bmt_pre2026.json,
bmt,2023-05-16,105.104,16.6,12:10PM,Fine,-,bmt_pre2026.json,
bmt,2023-05-17,124.407,16.1,12:00PM,Fine,-,bmt_pre2026.json,
bmt,2023-05-18,115.939,16.1,11:50AM,Fine,-,bmt_pre2026.json,
bmt,2023-05-19,114.132,16.3,11:25AM,Fine,-,bmt_pre2026.json,
bmt,2023-05-20,109.41,17.1,1:20PM,Fine,-,bmt_pre2026.json,
bmt,2023-05-21,128.13,16.0,11:00AM,Fine,-,bmt_pre2026.json,
bmt,2023-05-22,116.709,15.7,11:45AM,Fine,-,bmt_pre2026.json,
bmt,2023-05-23,91.492,15.7,11:10AM,Fine,-,bmt_pre2026.json,
bmt,2023-05-24,120.235,19.1,10:50AM,Fine,-,bmt_pre2026.json,
bmt,2023-05-25,97.163,22.8,12:05PM,Fine,-,bmt_pre2026.json,
bmt,2023-05-26,93.729,18.9,12:50PM,Fine,-,bmt_pre2026.json,
bmt,2023-05-27,129.771,17.9,12:30PM,Fine,-,bmt_pre2026.json,
bmt,2023-05-28,108.489,17.6,10:45AM,Fine,-,bmt_pre2026.json,
bmt,2023-05-29,90.894,14.7,2:30PM,Fine,-,bmt_pre2026.json,
bmt,2023-05-30,95.133,20.1,12:15PM,Fine,-,bmt_pre2026.json,
bmt,2023-05-31,34.915,11.8,9:25AM,Cloudy,-,bmt_pre2026.json,
bmt,2023-06-05,64.439,16.8,12:10PM,Fine,-,bmt_pre2026.json,
bmt,2023-06-06,115.034,16.6,12:15PM,Fine,-,bmt_pre2026.json,
bmt,2023-06-07,109.585,20.4,12:35PM,Fine,-,bmt_pre2026.json,
bmt,2023-06-08,121.412,16.5,11:20AM,Fine,-,bmt_pre2026.json,
bmt,2023-06-09,125.035,15.7,12:40PM,Fine,-,bmt_pre2026.json,
bmt,2023-06-10,116.417,15.4,1:00PM,Fine,-,bmt_pre2026.json,
bmt,2023-06-11,130.354,20.5,11:25AM,Fine,-,bmt_pre2026.json,
bmt,2023-06-12,123.486,15.2,12:00PM,Fine,-,bmt_pre2026.json,
bmt,2023-06-13,116.648,15.1,1:05PM,Fine,-,bmt_pre2026.json,
bmt,2023-06-14,110.709,17.1,9:50AM,Fine,-,bmt_pre2026.json,
bmt,2023-06-15,11.956,11.8,4:45PM,Showers,-,bmt_pre2026.json,
bmt,2023-06-16,128.809,17.2,1:00PM,Fine,-,bmt_pre2026.json,
bmt,2023-06-17,132.678,17.8,12:25PM,Fine,-,bmt_pre2026.json,
bmt,2023-06-18,125.396,15.8,12:25PM,Fine,-,bmt_pre2026.json,
bmt,2023-06-19,126.889,16.1,12:05PM,Fine,-,bmt_pre2026.json,
bmt,2023-06-20,111.567,13.8,12:55PM,Fine,-,bmt_pre2026.json,
bmt,2023-06-22,46.121,12.4,12:40PM,Fine,-,bmt_pre2026.json,
bmt,2023-06-23,78.904,13.2,12:10PM,Fine,-,bmt_pre2026.json,
bmt,2023-06-24,80.139,12.4,11:50AM,Fine,-,bmt_pre2026.json,
bmt,2023-06-25,84.212,12.9,12:15PM,Fine,-,bmt_pre2026.json,
bmt,2023-06-26,42.936,13.8,11:05AM,Fine,-,bmt_pre2026.json,
bmt,2023-06-27,92.05,15.4,1:15PM,Fine,-,bmt_pre2026.json,
bmt,2023-06-28,66.001,14.1,11:45AM,Fine,-,bmt_pre2026.json,
bmt,2023-06-29,85.957,15.1,12:40PM,Fine,-,bmt_pre2026.json,
bmt,2023-06-30,90.116,17.5,11:55AM,Fine,-,bmt_pre2026.json,
bmt,2023-07-01,90.74,14.1,12:25PM,Fine,-,bmt_pre2026.json,
bmt,2023-07-02,104.63,14.7,12:20PM,Fine,-,bmt_pre2026.json,
bmt,2023-07-03,97.644,13.7,12:45PM,Fine,-,bmt_pre2026.json,
bmt,2023-07-04,101.125,15.8,12:50PM,Fine,-,bmt_pre2026.json,
bmt,2023-07-05,17.003,7.9,4:50PM,Mostly Cloudy,-,bmt_pre2026.json,
bmt,2023-07-06,13.709,9.3,4:20PM,Cloudy,-,bmt_pre2026.json,
bmt,2023-07-07,10.516,7.9,10:10AM,Cloudy,-,bmt_pre2026.json,
bmt,2023-07-08,4.975,2.4,3:15PM,Showers,-,bmt_pre2026.json,
bmt,2023-07-09,5.545,1.9,4:30PM,Showers,-,bmt_pre2026.json,
bmt,2023-07-10,45.668,16.2,11:45AM,Fine,-,bmt_pre2026.json,
bmt,2023-07-11,104.977,16.2,2:20PM,Fine,-,bmt_pre2026.json,
bmt,2023-07-12,99.288,14.0,2:30PM,Fine,-,bmt_pre2026.json,
bmt,2023-07-13,97.286,16.9,12:05PM,Fine,-,bmt_pre2026.json,
bmt,2023-07-14,91.948,16.9,12:30PM,Fine,-,bmt_pre2026.json,
bmt,2023-07-15,91.751,14.8,11:00AM,Fine,-,bmt_pre2026.json,
bmt,2023-07-16,53.232,13.3,11:05AM,Fine,-,bmt_pre2026.json,
bmt,2023-07-17,60.914,12.5,2:35PM,Fine,-,bmt_pre2026.json,
bmt,2023-07-18,91.36,14.6,12:25PM,Fine,-,bmt_pre2026.json,
bmt,2023-07-19,49.435,12.9,2:10PM,Fine,-,bmt_pre2026.json,
bmt,2023-07-20,77.693,15.8,11:45AM,Fine,-,bmt_pre2026.json,
bmt,2023-07-21,23.627,9.8,9:20AM,Cloudy,-,bmt_pre2026.json,
bmt,2023-07-22,12.142,6.4,4:35PM,Cloudy,-,bmt_pre2026.json,
bmt,2023-07-23,96.448,18.4,12:55PM,Fine,-,bmt_pre2026.json,
bmt,2023-07-24,45.295,17.2,12:25PM,Fine,-,bmt_pre2026.json,
bmt,2023-07-25,67.482,14.9,2:30PM,Fine,-,bmt_pre2026.json,
bmt,2023-07-26,77.901,15.9,1:00PM,Fine,-,bmt_pre2026.json,
bmt,2023-07-27,83.359,17.3,11:55AM,Fine,-,bmt_pre2026.json,
bmt,2023-07-28,93.963,14.8,1:45PM,Fine,-,bmt_pre2026.json,
bmt,2023-07-29,45.126,11.6,9:30AM,Fine,-,bmt_pre2026.json,
bmt,2023-07-30,80.993,15.5,11:05AM,Fine,-,bmt_pre2026.json,
bmt,2023-07-31,104.726,14.1,12:30PM,Fine,-,bmt_pre2026.json,
bmt,2023-08-01,80.647,15.1,12:25PM,Partly Cloudy,-,bmt_pre2026.json,
bmt,2023-08-02,86.736,14.0,11:40AM,Partly Cloudy,-,bmt_pre2026.json,
bmt,2023-08-03,65.698,14.4,1:50PM,Fine,-,bmt_pre2026.json,
bmt,2023-08-04,96.289,13.6,1:40PM,Partly Cloudy,-,bmt_pre2026.json,
bmt,2023-08-05,97.096,14.8,12:05PM,Fine,-,bmt_pre2026.json,
bmt,2023-08-06,82.382,14.2,12:00PM,Fine,-,bmt_pre2026.json,
bmt,2023-08-07,83.254,14.5,12:50PM,Fine,-,bmt_pre2026.json,
bmt,2023-08-08,90.072,13.2,11:40AM,Fine,-,bmt_pre2026.json,
bmt,2023-08-09,93.421,13.7,12:40PM,Fine,-,bmt_pre2026.json,
bmt,2023-08-10,81.649,13.8,12:10PM,Fine,-,bmt_pre2026.json,
bmt,2023-08-11,71.329,13.6,12:15PM,Fine,-,bmt_pre2026.json,
bmt,2023-08-12,91.515,13.4,1:05PM,Fine,-,bmt_pre2026.json,
bmt,2023-08-13,99.749,14.1,12:30PM,Fine,-,bmt_pre2026.json,
bmt,2023-08-14,83.69,15.2,12:05PM,Fine,-,bmt_pre2026.json,
bmt,2023-08-15,68.971,13.7,12:30PM,Fine,-,bmt_pre2026.json,
bmt,2023-08-16,59.494,13.4,12:00PM,Fine,-,bmt_pre2026.json,
bmt,2023-08-17,82.503,14.0,12:10PM,Fine,-,bmt_pre2026.json,
bmt,2023-08-18,85.494,14.0,1:25PM,Fine,-,bmt_pre2026.json,
bmt,2023-08-19,76.507,13.2,11:30AM,Fine,-,bmt_pre2026.json,
bmt,2023-08-20,84.332,14.6,12:15PM,Fine,-,bmt_pre2026.json,
bmt,2023-08-21,70.247,13.9,11:40AM,Fine,-,bmt_pre2026.json,
bmt,2023-08-22,71.116,12.5,11:50AM,Fine,-,bmt_pre2026.json,
bmt,2023-08-23,73.975,11.1,10:20AM,Fine,-,bmt_pre2026.json,
bmt,2023-08-24,62.424,12.9,11:35AM,Fine,-,bmt_pre2026.json,
bmt,2023-08-25,83.533,13.5,1:10PM,Fine,-,bmt_pre2026.json,
bmt,2023-08-26,91.184,14.9,1:20PM,Fine,-,bmt_pre2026.json,
bmt,2023-08-27,0.0,0.0,12:00AM,Not Sure,-,bmt_pre2026.json,zero
bmt,2023-08-28,88.984,14.0,10:40AM,Fine,-,bmt_pre2026.json,
bmt,2023-08-29,78.551,17.0,10:40AM,Fine,-,bmt_pre2026.json,
bmt,2023-08-30,101.262,13.7,12:20PM,Fine,-,bmt_pre2026.json,
bmt,2023-08-31,80.133,14.7,11:20AM,Fine,-,bmt_pre2026.json,
bmt,2023-09-01,80.345,12.6,12:55PM,Fine,-,bmt_pre2026.json,
bmt,2023-09-02,89.314,12.6,11:55AM,Fine,-,bmt_pre2026.json,
bmt,2023-09-03,91.848,12.5,12:15PM,Fine,-,bmt_pre2026.json,
bmt,2023-09-04,70.503,11.5,12:10PM,Fine,-,bmt_pre2026.json,
bmt,2023-09-05,88.687,12.6,12:15PM,Fine,-,bmt_pre2026.json,
bmt,2023-09-06,80.226,12.6,12:10PM,Fine,-,bmt_pre2026.json,
bmt,2023-09-07,86.324,12.7,1:00PM,Fine,-,bmt_pre2026.json,
bmt,2023-09-08,72.996,12.7,12:25PM,Fine,-,bmt_pre2026.json,
bmt,2023-09-09,84.587,14.0,11:55AM,Fine,-,bmt_pre2026.json,
bmt,2023-09-10,69.533,12.8,12:10PM,Fine,-,bmt_pre2026.json,
bmt,2023-09-11,74.08,12.1,11:35AM,Fine,-,bmt_pre2026.json,
bmt,2023-09-12,64.761,12.6,1:05PM,Fine,-,bmt_pre2026.json,
bmt,2023-09-13,69.576,11.9,11:35AM,Fine,-,bmt_pre2026.json,
bmt,2023-09-14,63.044,11.6,12:05PM,Fine,-,bmt_pre2026.json,
bmt,2023-09-15,63.317,12.9,12:40PM,Fine,-,bmt_pre2026.json,
bmt,2023-09-16,74.031,13.6,1:15PM,Fine,-,bmt_pre2026.json,
bmt,2023-09-17,21.771,12.6,10:30AM,Partly Cloudy,-,bmt_pre2026.json,
bmt,2023-09-18,68.302,20.4,12:10PM,Fine,-,bmt_pre2026.json,
bmt,2023-09-19,24.445,7.3,1:00PM,Partly Cloudy,-,bmt_pre2026.json,
bmt,2023-09-20,83.06,15.0,12:45PM,Fine,-,bmt_pre2026.json,
bmt,2023-09-21,82.733,14.0,11:00AM,Fine,-,bmt_pre2026.json,
bmt,2023-09-22,64.483,14.9,1:15PM,Fine,-,bmt_pre2026.json,
bmt,2023-09-23,41.51,12.3,2:00PM,Fine,-,bmt_pre2026.json,
bmt,2023-09-24,61.848,16.4,12:30PM,Fine,-,bmt_pre2026.json,
bmt,2023-09-25,55.907,14.7,1:50PM,Fine,-,bmt_pre2026.json,
bmt,2023-09-26,90.86,12.6,12:55PM,Fine,-,bmt_pre2026.json,
bmt,2023-09-27,90.696,13.0,12:05PM,Fine,-,bmt_pre2026.json,
bmt,2023-09-28,85.462,12.4,12:15PM,Fine,-,bmt_pre2026.json,
bmt,2023-09-29,84.101,11.9,11:40AM,Fine,-,bmt_pre2026.json,
bmt,2023-09-30,77.848,12.2,12:10PM,Fine,-,bmt_pre2026.json,
bmt,2023-10-01,91.917,13.2,12:00PM,Fine,-,bmt_pre2026.json,
bmt,2023-10-02,89.598,12.8,12:05PM,Fine,-,bmt_pre2026.json,
bmt,2023-10-03,85.658,12.4,12:15PM,Fine,-,bmt_pre2026.json,
bmt,2023-10-04,83.778,12.3,11:55AM,Fine,-,bmt_pre2026.json,
bmt,2023-10-05,79.501,12.2,12:10PM,Fine,-,bmt_pre2026.json,
bmt,2023-10-06,79.189,12.0,11:50AM,Fine,-,bmt_pre2026.json,
bmt,2023-10-07,71.935,11.3,11:50AM,Fine,-,bmt_pre2026.json,
bmt,2023-10-08,71.239,10.7,11:50AM,Fine,-,bmt_pre2026.json,
bmt,2023-10-09,51.371,9.9,12:20PM,Mostly Cloudy,-,bmt_pre2026.json,
bmt,2023-10-10,85.927,12.6,12:00PM,Fine,-,bmt_pre2026.json,
bmt,2023-10-11,87.958,12.8,11:50AM,Fine,-,bmt_pre2026.json,
bmt,2023-10-12,81.668,12.1,11:45AM,Fine,-,bmt_pre2026.json,
bmt,2023-10-13,67.312,11.6,12:00PM,Fine,-,bmt_pre2026.json,
bmt,2023-10-14,0.643,0.7,7:20AM,Showers,-,bmt_pre2026.json,
bmt,2023-10-15,46.426,12.3,12:25PM,Mostly Cloudy,-,bmt_pre2026.json,
bmt,2023-10-16,19.46,14.0,2:00PM,Mostly Cloudy,-,bmt_pre2026.json,
bmt,2023-10-17,56.081,17.0,12:45PM,Fine,-,bmt_pre2026.json,
bmt,2023-10-18,80.769,12.7,12:10PM,Fine,-,bmt_pre2026.json,
bmt,2023-10-19,79.799,12.3,12:50PM,Fine,-,bmt_pre2026.json,
bmt,2023-10-20,78.389,12.3,12:00PM,Fine,-,bmt_pre2026.json,
bmt,2023-10-21,75.572,11.8,12:10PM,Fine,-,bmt_pre2026.json,
bmt,2023-10-22,53.334,12.2,12:20PM,Fine,-,bmt_pre2026.json,
bmt,2023-10-23,73.705,11.8,11:55AM,Fine,-,bmt_pre2026.json,
bmt,2023-10-24,73.401,11.2,11:45AM,Fine,-,bmt_pre2026.json,
bmt,2023-10-25,72.859,11.4,12:20PM,Fine,-,bmt_pre2026.json,
bmt,2023-10-26,70.162,11.4,11:30AM,Fine,-,bmt_pre2026.json,
bmt,2023-10-27,64.277,10.7,11:55AM,Fine,-,bmt_pre2026.json,
bmt,2023-10-28,49.551,10.5,1:45PM,Fine,-,bmt_pre2026.json,
bmt,2023-10-29,49.584,9.0,12:15PM,Fine,-,bmt_pre2026.json,
bmt,2023-10-30,52.275,9.0,12:40PM,Fine,-,bmt_pre2026.json,
bmt,2023-10-31,51.36,9.0,11:55AM,Fine,-,bmt_pre2026.json,
bmt,2023-11-01,55.573,9.7,12:30PM,Fine,-,bmt_pre2026.json,
bmt,2023-11-02,48.305,7.9,12:00PM,Fine,-,bmt_pre2026.json,
bmt,2023-11-03,45.38,8.0,10:55AM,Fine,-,bmt_pre2026.json,
bmt,2023-11-04,57.597,9.6,11:25AM,Fine,-,bmt_pre2026.json,
bmt,2023-11-05,53.608,9.6,12:00PM,Fine,-,bmt_pre2026.json,
bmt,2023-11-06,46.265,9.6,11:40AM,Fine,-,bmt_pre2026.json,
bmt,2023-11-07,40.692,7.7,11:45AM,Fine,-,bmt_pre2026.json,
bmt,2023-11-08,45.096,8.2,11:35AM,Fine,-,bmt_pre2026.json,
bmt,2023-11-09,45.008,8.0,12:10PM,Fine,-,bmt_pre2026.json,
bmt,2023-11-10,13.572,4.7,3:00PM,Mostly Cloudy,-,bmt_pre2026.json,
bmt,2023-11-11,69.168,11.1,11:40AM,Fine,-,bmt_pre2026.json,
bmt,2023-11-12,67.0,11.2,12:10PM,Fine,-,bmt_pre2026.json,
bmt,2023-11-13,63.964,10.5,11:40AM,Fine,-,bmt_pre2026.json,
bmt,2023-11-14,63.046,10.7,12:45PM,Fine,-,bmt_pre2026.json,
bmt,2023-11-15,63.803,10.3,11:55AM,Fine,-,bmt_pre2026.json,
bmt,2023-11-16,59.802,11.2,1:10PM,Fine,-,bmt_pre2026.json,
bmt,2023-11-17,59.741,10.5,11:50AM,Fine,-,bmt_pre2026.json,
bmt,2023-11-18,51.026,11.0,12:15PM,Fine,-,bmt_pre2026.json,
bmt,2023-11-19,56.401,10.6,11:50AM,Fine,-,bmt_pre2026.json,
bmt,2023-11-20,44.367,8.7,12:25PM,Fine,-,bmt_pre2026.json,
bmt,2023-11-21,8.935,1.7,12:50PM,Cloudy,-,bmt_pre2026.json,
bmt,2023-11-22,8.245,1.8,10:30AM,Cloudy,-,bmt_pre2026.json,
bmt,2023-11-23,18.526,7.3,1:55PM,Partly Cloudy,-,bmt_pre2026.json,
bmt,2023-11-24,51.311,9.4,11:50AM,Fine,-,bmt_pre2026.json,
bmt,2023-11-25,43.145,8.2,12:25PM,Fine,-,bmt_pre2026.json,
bmt,2023-11-26,36.149,8.8,11:20AM,Fine,-,bmt_pre2026.json,
bmt,2023-11-27,23.159,7.3,10:50AM,Partly Cloudy,-,bmt_pre2026.json,
bmt,2023-11-28,36.65,9.4,12:15PM,Fine,-,bmt_pre2026.json,
bmt,2023-11-29,33.531,9.9,1:00PM,Fine,-,bmt_pre2026.json,
bmt,2023-11-30,6.67,1.8,10:50AM,Cloudy,-,bmt_pre2026.json,
bmt,2023-12-01,9.645,4.5,3:15PM,Mostly Cloudy,-,bmt_pre2026.json,
bmt,2023-12-02,18.766,9.0,12:35PM,Partly Cloudy,-,bmt_pre2026.json,
bmt,2023-12-03,8.725,1.7,11:50AM,Cloudy,-,bmt_pre2026.json,
bmt,2023-12-04,7.672,1.6,10:10AM,Cloudy,-,bmt_pre2026.json,
bmt,2023-12-05,8.524,1.7,1:00PM,Cloudy,-,bmt_pre2026.json,
bmt,2023-12-06,8.297,1.7,1:25PM,Cloudy,-,bmt_pre2026.json,
bmt,2023-12-07,8.716,1.8,11:20AM,Cloudy,-,bmt_pre2026.json,
bmt,2023-12-08,8.285,1.7,10:30AM,Cloudy,-,bmt_pre2026.json,
bmt,2023-12-09,8.959,1.8,12:40PM,Mostly Cloudy,-,bmt_pre2026.json,
bmt,2023-12-10,8.361,1.7,11:55AM,Cloudy,-,bmt_pre2026.json,
bmt,2023-12-11,12.243,6.3,12:45PM,Mostly Cloudy,-,bmt_pre2026.json,
bmt,2023-12-12,7.779,1.5,10:50AM,Cloudy,-,bmt_pre2026.json,
bmt,2023-12-13,8.581,1.7,8:40AM,Cloudy,-,bmt_pre2026.json,
bmt,2023-12-14,21.715,9.5,12:50PM,Fine,-,bmt_pre2026.json,
bmt,2023-12-15,44.598,9.5,11:15AM,Fine,-,bmt_pre2026.json,
bmt,2023-12-16,40.336,7.9,11:40AM,Fine,-,bmt_pre2026.json,
bmt,2023-12-17,50.004,9.7,11:55AM,Fine,-,bmt_pre2026.json,
bmt,2023-12-18,55.041,9.8,11:45AM,Fine,-,bmt_pre2026.json,
bmt,2023-12-19,53.901,10.0,12:20PM,Fine,-,bmt_pre2026.json,
bmt,2023-12-20,52.498,10.1,1:00PM,Fine,-,bmt_pre2026.json,
bmt,2023-12-21,45.593,9.0,12:45PM,Fine,-,bmt_pre2026.json,
bmt,2023-12-22,39.453,9.8,11:25AM,Fine,-,bmt_pre2026.json,
bmt,2023-12-23,44.68,10.2,12:45PM,Fine,-,bmt_pre2026.json,
bmt,2023-12-24,37.371,10.7,12:35PM,Fine,-,bmt_pre2026.json,
bmt,2023-12-25,42.518,10.5,11:30AM,Fine,-,bmt_pre2026.json,
bmt,2023-12-26,29.059,9.0,12:40PM,Fine,-,bmt_pre2026.json,
bmt,2023-12-27,24.925,7.2,1:25PM,Fine,-,bmt_pre2026.json,
bmt,2023-12-28,11.02,2.9,12:40PM,Mostly Cloudy,-,bmt_pre2026.json,
bmt,2023-12-29,32.51,7.7,11:40AM,Fine,-,bmt_pre2026.json,
bmt,2023-12-30,10.275,3.3,12:55PM,Mostly Cloudy,-,bmt_pre2026.json,
bmt,2023-12-31,18.179,4.1,12:30PM,Partly Cloudy,-,bmt_pre2026.json,
bmt,2024-01-01,12.673,2.7,11:15AM,Partly Cloudy,-,bmt_pre2026.json,
bmt,2024-01-02,6.08,1.1,2:00PM,Cloudy,-,bmt_pre2026.json,
bmt,2024-01-03,20.419,5.0,2:35PM,Fine,-,bmt_pre2026.json,
bmt,2024-01-04,22.867,6.5,2:15PM,Fine,-,bmt_pre2026.json,
bmt,2024-01-05,32.797,9.5,1:40PM,Fine,-,bmt_pre2026.json,
bmt,2024-01-06,9.85,2.7,12:35PM,Mostly Cloudy,-,bmt_pre2026.json,
bmt,2024-01-07,24.83,6.3,2:05PM,Fine,-,bmt_pre2026.json,
bmt,2024-01-08,12.316,3.3,2:35PM,Mostly Cloudy,-,bmt_pre2026.json,
bmt,2024-01-09,11.21,2.9,12:55PM,Mostly Cloudy,-,bmt_pre2026.json,
bmt,2024-01-10,21.507,5.1,2:30PM,Fine,-,bmt_pre2026.json,
bmt,2024-01-11,25.844,8.2,1:20PM,Fine,-,bmt_pre2026.json,
bmt,2024-01-12,16.958,4.3,1:10PM,Partly Cloudy,-,bmt_pre2026.json,
bmt,2024-01-13,19.015,4.5,2:25PM,Fine,-,bmt_pre2026.json,
bmt,2024-01-14,28.474,9.1,2:10PM,Mostly Cloudy,-,bmt_pre2026.json,
bmt,2024-01-15,15.365,3.7,1:40PM,Partly Cloudy,-,bmt_pre2026.json,
bmt,2024-01-16,40.966,9.1,12:50PM,Fine,-,bmt_pre2026.json,
bmt,2024-01-17,39.579,8.3,11:50AM,Fine,-,bmt_pre2026.json,
bmt,2024-01-18,32.351,8.1,1:25PM,Fine,-,bmt_pre2026.json,
bmt,2024-01-19,16.155,4.8,2:40PM,Partly Cloudy,-,bmt_pre2026.json,
bmt,2024-01-20,19.599,3.8,12:25PM,Fine,-,bmt_pre2026.json,
bmt,2024-01-21,13.171,2.6,12:05PM,Partly Cloudy,-,bmt_pre2026.json,
bmt,2024-01-22,18.244,4.4,2:20PM,Partly Cloudy,-,bmt_pre2026.json,
bmt,2024-01-23,31.85,10.1,2:00PM,Fine,-,bmt_pre2026.json,
bmt,2024-01-24,7.784,3.9,12:40PM,Cloudy,-,bmt_pre2026.json,
bmt,2024-01-25,25.448,6.9,1:35PM,Fine,-,bmt_pre2026.json,
bmt,2024-01-26,50.705,9.8,12:55PM,Fine,-,bmt_pre2026.json,
bmt,2024-01-27,52.584,10.1,11:45AM,Fine,-,bmt_pre2026.json,
bmt,2024-01-28,44.337,11.2,12:55PM,Fine,-,bmt_pre2026.json,
bmt,2024-01-29,25.816,8.3,12:35PM,Fine,-,bmt_pre2026.json,
bmt,2024-01-30,50.213,10.9,1:40PM,Fine,-,bmt_pre2026.json,
bmt,2024-01-31,25.716,9.3,1:45PM,Fine,-,bmt_pre2026.json,
bmt,2024-02-01,62.537,11.6,12:30PM,Fine,-,bmt_pre2026.json,
bmt,2024-02-02,75.045,11.9,12:40PM,Fine,-,bmt_pre2026.json,
bmt,2024-02-03,28.409,8.1,3:20PM,Fine,-,bmt_pre2026.json,
bmt,2024-02-04,27.023,11.1,2:20PM,Fine,-,bmt_pre2026.json,
bmt,2024-02-05,70.524,11.1,12:00PM,Fine,-,bmt_pre2026.json,
bmt,2024-02-06,67.957,11.2,12:35PM,Fine,-,bmt_pre2026.json,
bmt,2024-02-07,59.224,12.6,12:35PM,Fine,-,bmt_pre2026.json,
bmt,2024-02-08,75.333,12.0,12:05PM,Fine,-,bmt_pre2026.json,
bmt,2024-02-09,69.468,11.3,12:00PM,Fine,-,bmt_pre2026.json,
bmt,2024-02-10,66.226,11.1,12:30PM,Fine,-,bmt_pre2026.json,
bmt,2024-02-11,61.683,11.2,1:10PM,Fine,-,bmt_pre2026.json,
bmt,2024-02-12,51.217,11.1,12:00PM,Fine,-,bmt_pre2026.json,
bmt,2024-02-13,54.172,11.4,1:45PM,Fine,-,bmt_pre2026.json,
bmt,2024-02-14,72.358,11.4,12:20PM,Fine,-,bmt_pre2026.json,
bmt,2024-02-15,71.79,11.8,12:40PM,Fine,-,bmt_pre2026.json,
bmt,2024-02-16,65.19,11.2,12:15PM,Fine,-,bmt_pre2026.json,
bmt,2024-02-17,63.755,11.0,1:15PM,Fine,-,bmt_pre2026.json,
bmt,2024-02-18,25.791,8.0,1:45PM,Fine,-,bmt_pre2026.json,
bmt,2024-02-19,38.653,11.4,1:00PM,Fine,-,bmt_pre2026.json,
bmt,2024-02-20,58.048,12.1,12:30PM,Fine,-,bmt_pre2026.json,
bmt,2024-02-21,77.007,12.4,1:10PM,Fine,-,bmt_pre2026.json,
bmt,2024-02-22,81.442,12.7,12:25PM,Fine,-,bmt_pre2026.json,
bmt,2024-02-23,85.432,12.8,12:40PM,Fine,-,bmt_pre2026.json,
bmt,2024-02-24,77.641,11.8,12:25PM,Fine,-,bmt_pre2026.json,
bmt,2024-02-25,79.406,12.4,12:25PM,Fine,-,bmt_pre2026.json,
bmt,2024-02-26,47.133,17.9,12:55PM,Fine,-,bmt_pre2026.json,
bmt,2024-02-27,60.194,13.0,11:30AM,Fine,-,bmt_pre2026.json,
bmt,2024-02-28,76.317,12.1,12:35PM,Fine,-,bmt_pre2026.json,
bmt,2024-02-29,68.552,13.0,12:15PM,Fine,-,bmt_pre2026.json,
bmt,2024-03-01,34.898,10.0,1:00PM,Fine,-,bmt_pre2026.json,
bmt,2024-03-02,44.483,15.2,12:00PM,Fine,-,bmt_pre2026.json,
bmt,2024-03-03,97.854,14.2,11:45AM,Fine,-,bmt_pre2026.json,
bmt,2024-03-04,35.95,12.0,12:25PM,Fine,-,bmt_pre2026.json,
bmt,2024-03-05,66.445,13.8,12:35PM,Fine,-,bmt_pre2026.json,
bmt,2024-03-06,87.15,13.2,12:50PM,Fine,-,bmt_pre2026.json,
bmt,2024-03-07,85.527,12.6,12:20PM,Fine,-,bmt_pre2026.json,
bmt,2024-03-08,74.692,13.1,12:45PM,Fine,-,bmt_pre2026.json,
bmt,2024-03-09,94.605,14.6,12:30PM,Fine,-,bmt_pre2026.json,
bmt,2024-03-10,62.476,14.1,1:05PM,Fine,-,bmt_pre2026.json,
bmt,2024-03-11,50.145,15.5,10:35AM,Fine,-,bmt_pre2026.json,
bmt,2024-03-12,90.2,13.3,12:20PM,Fine,-,bmt_pre2026.json,
bmt,2024-03-13,41.13,9.2,3:25PM,Fine,-,bmt_pre2026.json,
bmt,2024-03-14,93.696,13.3,12:25PM,Fine,-,bmt_pre2026.json,
bmt,2024-03-15,100.913,14.1,12:20PM,Fine,-,bmt_pre2026.json,
bmt,2024-03-16,96.44,13.7,1:05PM,Fine,-,bmt_pre2026.json,
bmt,2024-03-17,85.523,16.0,12:45PM,Fine,-,bmt_pre2026.json,
bmt,2024-03-18,90.501,13.7,12:25PM,Fine,-,bmt_pre2026.json,
bmt,2024-03-19,93.062,12.9,12:15PM,Fine,-,bmt_pre2026.json,
bmt,2024-03-20,90.346,13.1,11:40AM,Fine,-,bmt_pre2026.json,
bmt,2024-03-21,79.99,14.5,11:35AM,Fine,-,bmt_pre2026.json,
bmt,2024-03-22,73.648,13.6,11:10AM,Fine,-,bmt_pre2026.json,
bmt,2024-03-23,95.126,14.5,1:20PM,Fine,-,bmt_pre2026.json,
bmt,2024-03-24,86.61,13.8,11:25AM,Fine,-,bmt_pre2026.json,
bmt,2024-03-25,98.563,13.8,12:00PM,Fine,-,bmt_pre2026.json,
bmt,2024-03-26,45.097,10.5,9:20AM,Fine,-,bmt_pre2026.json,
bmt,2024-03-27,53.136,12.3,12:15PM,Fine,-,bmt_pre2026.json,
bmt,2024-03-28,47.252,10.6,9:05AM,Fine,-,bmt_pre2026.json,
bmt,2024-03-29,88.672,13.8,12:15PM,Fine,-,bmt_pre2026.json,
bmt,2024-03-30,76.132,16.6,12:00PM,Partly Cloudy,-,bmt_pre2026.json,
bmt,2024-03-31,12.665,8.9,9:05AM,Cloudy,-,bmt_pre2026.json,
bmt,2024-04-01,97.46,15.0,12:00PM,Fine,-,bmt_pre2026.json,
bmt,2024-04-02,99.966,14.6,12:55PM,Fine,-,bmt_pre2026.json,
bmt,2024-04-03,98.839,13.2,12:20PM,Fine,-,bmt_pre2026.json,
bmt,2024-04-04,101.356,14.2,12:40PM,Fine,-,bmt_pre2026.json,
bmt,2024-04-05,106.392,14.1,12:30PM,Fine,-,bmt_pre2026.json,
bmt,2024-04-06,108.343,14.4,12:35PM,Fine,-,bmt_pre2026.json,
bmt,2024-04-07,104.608,14.1,12:10PM,Fine,-,bmt_pre2026.json,
bmt,2024-04-08,100.085,13.7,12:55PM,Fine,-,bmt_pre2026.json,
bmt,2024-04-09,98.387,13.3,12:45PM,Fine,-,bmt_pre2026.json,
bmt,2024-04-10,87.722,15.2,1:15PM,Fine,-,bmt_pre2026.json,
bmt,2024-04-11,94.154,13.3,10:45AM,Fine,-,bmt_pre2026.json,
bmt,2024-04-12,61.314,12.3,11:30AM,Fine,-,bmt_pre2026.json,
bmt,2024-04-13,41.636,13.0,12:25PM,Fine,-,bmt_pre2026.json,
bmt,2024-04-14,55.837,16.1,11:15AM,Fine,-,bmt_pre2026.json,
bmt,2024-04-15,60.901,16.3,11:50AM,Fine,-,bmt_pre2026.json,
bmt,2024-04-16,81.69,14.7,12:10PM,Fine,-,bmt_pre2026.json,
bmt,2024-04-17,97.381,14.5,11:30AM,Fine,-,bmt_pre2026.json,
bmt,2024-04-18,96.009,15.6,1:05PM,Fine,-,bmt_pre2026.json,
bmt,2024-04-19,58.444,12.8,10:35AM,Fine,-,bmt_pre2026.json,
bmt,2024-04-20,105.0,13.7,11:50AM,Fine,-,bmt_pre2026.json,
bmt,2024-04-21,111.774,14.4,11:50AM,Fine,-,bmt_pre2026.json,
bmt,2024-04-22,54.802,12.7,1:55PM,Fine,-,bmt_pre2026.json,
bmt,2024-04-23,60.499,16.0,11:45AM,Fine,-,bmt_pre2026.json,
bmt,2024-04-24,102.147,13.6,12:10PM,Fine,-,bmt_pre2026.json,
bmt,2024-04-25,107.809,14.0,12:40PM,Fine,-,bmt_pre2026.json,
bmt,2024-04-26,82.928,15.4,12:05PM,Fine,-,bmt_pre2026.json,
bmt,2024-04-27,78.96,16.0,12:55PM,Fine,-,bmt_pre2026.json,
bmt,2024-04-28,94.019,15.0,11:35AM,Fine,-,bmt_pre2026.json,
bmt,2024-04-29,63.226,18.0,12:40PM,Fine,-,bmt_pre2026.json,
bmt,2024-04-30,109.881,14.5,12:05PM,Fine,-,bmt_pre2026.json,
bmt,2024-05-01,113.242,14.8,1:30PM,Fine,-,bmt_pre2026.json,
bmt,2024-05-02,111.539,14.1,11:40AM,Fine,-,bmt_pre2026.json,
bmt,2024-05-03,76.687,15.5,11:10AM,Fine,-,bmt_pre2026.json,
bmt,2024-05-04,99.087,15.1,12:50PM,Fine,-,bmt_pre2026.json,
bmt,2024-05-05,105.909,13.5,12:00PM,Fine,-,bmt_pre2026.json,
bmt,2024-05-06,46.714,13.2,12:55PM,Fine,-,bmt_pre2026.json,
bmt,2024-05-07,101.89,13.4,12:00PM,Fine,-,bmt_pre2026.json,
bmt,2024-05-08,98.12,13.1,12:30PM,Fine,-,bmt_pre2026.json,
bmt,2024-05-09,93.537,12.1,11:40AM,Fine,-,bmt_pre2026.json,
bmt,2024-05-10,66.567,10.8,12:15PM,Mostly Cloudy,-,bmt_pre2026.json,
bmt,2024-05-11,64.296,14.6,1:30PM,Fine,-,bmt_pre2026.json,
bmt,2024-05-12,83.95,17.2,12:20PM,Fine,-,bmt_pre2026.json,
bmt,2024-05-13,85.137,13.8,12:05PM,Fine,-,bmt_pre2026.json,
bmt,2024-05-14,104.641,13.5,11:55AM,Fine,-,bmt_pre2026.json,
bmt,2024-05-15,92.149,12.5,11:50AM,Fine,-,bmt_pre2026.json,
bmt,2024-05-16,81.261,11.9,12:55PM,Fine,-,bmt_pre2026.json,
bmt,2024-05-17,91.755,11.9,12:15PM,Fine,-,bmt_pre2026.json,
bmt,2024-05-18,98.12,12.8,11:55AM,Fine,-,bmt_pre2026.json,
bmt,2024-05-19,94.857,13.0,12:20PM,Fine,-,bmt_pre2026.json,
bmt,2024-05-20,89.247,12.0,12:05PM,Fine,-,bmt_pre2026.json,
bmt,2024-05-21,87.981,12.2,11:50AM,Fine,-,bmt_pre2026.json,
bmt,2024-05-22,88.497,12.1,1:05PM,Fine,-,bmt_pre2026.json,
bmt,2024-05-23,88.085,11.4,11:40AM,Fine,-,bmt_pre2026.json,
bmt,2024-05-24,82.644,11.0,12:20PM,Fine,-,bmt_pre2026.json,
bmt,2024-05-25,105.842,13.6,12:15PM,Fine,-,bmt_pre2026.json,
bmt,2024-05-26,107.191,13.2,12:15PM,Fine,-,bmt_pre2026.json,
bmt,2024-05-27,106.887,13.8,12:10PM,Fine,-,bmt_pre2026.json,
bmt,2024-05-28,91.869,13.5,12:25PM,Fine,-,bmt_pre2026.json,
bmt,2024-05-29,95.471,14.5,11:15AM,Fine,-,bmt_pre2026.json,
bmt,2024-05-30,78.121,12.3,1:25PM,Fine,-,bmt_pre2026.json,
bmt,2024-05-31,97.611,12.6,12:35PM,Fine,-,bmt_pre2026.json,
bmt,2024-06-01,89.69,12.5,12:50PM,Fine,-,bmt_pre2026.json,
bmt,2024-06-02,100.843,12.8,12:05PM,Fine,-,bmt_pre2026.json,
bmt,2024-06-03,95.937,12.8,12:15PM,Fine,-,bmt_pre2026.json,
bmt,2024-06-04,100.951,12.8,12:30PM,Partly Cloudy,-,bmt_pre2026.json,
bmt,2024-06-05,56.785,13.3,2:20PM,Fine,-,bmt_pre2026.json,
bmt,2024-06-06,93.116,12.9,11:55AM,Fine,-,bmt_pre2026.json,
bmt,2024-06-07,101.829,13.4,12:00PM,Fine,-,bmt_pre2026.json,
bmt,2024-06-08,88.82,15.5,12:05PM,Fine,-,bmt_pre2026.json,
bmt,2024-06-09,108.172,13.5,11:40AM,Fine,-,bmt_pre2026.json,
bmt,2024-06-10,106.3,13.1,12:00PM,Fine,-,bmt_pre2026.json,
bmt,2024-06-11,98.629,12.7,12:55PM,Fine,-,bmt_pre2026.json,
bmt,2024-06-12,92.913,12.5,12:20PM,Fine,-,bmt_pre2026.json,
bmt,2024-06-13,96.862,12.2,12:15PM,Fine,-,bmt_pre2026.json,
bmt,2024-06-14,97.177,12.2,12:25PM,Fine,-,bmt_pre2026.json,
bmt,2024-06-15,96.975,12.1,12:20PM,Fine,-,bmt_pre2026.json,
bmt,2024-06-16,106.058,13.0,12:05PM,Fine,-,bmt_pre2026.json,
bmt,2024-06-17,104.521,12.9,11:50AM,Fine,-,bmt_pre2026.json,
bmt,2024-06-18,101.004,13.1,12:25PM,Fine,-,bmt_pre2026.json,
bmt,2024-06-19,81.348,14.0,11:50AM,Fine,-,bmt_pre2026.json,
bmt,2024-06-20,73.008,14.4,12:55PM,Fine,-,bmt_pre2026.json,
bmt,2024-06-21,78.395,17.4,11:15AM,Fine,-,bmt_pre2026.json,
bmt,2024-06-22,95.922,16.1,10:25AM,Fine,-,bmt_pre2026.json,
bmt,2024-06-23,97.948,13.5,12:15PM,Fine,-,bmt_pre2026.json,
bmt,2024-06-24,101.595,12.8,12:55PM,Fine,-,bmt_pre2026.json,
bmt,2024-06-25,98.194,12.2,12:00PM,Fine,-,bmt_pre2026.json,
bmt,2024-06-26,84.56,12.7,11:20AM,Fine,-,bmt_pre2026.json,
bmt,2024-06-27,91.242,13.3,1:25PM,Fine,-,bmt_pre2026.json,
bmt,2024-06-28,101.033,15.1,12:05PM,Fine,-,bmt_pre2026.json,
bmt,2024-06-29,93.948,12.5,12:40PM,Fine,-,bmt_pre2026.json,
bmt,2024-06-30,0.459,1.7,9:05AM,Showers,-,bmt_pre2026.json,
bmt,2024-07-01,0.0,0.0,8:30PM,Not Sure,-,bmt_pre2026.json,zero
bmt,2024-07-02,96.876,12.4,1:20PM,Fine,-,bmt_pre2026.json,
bmt,2024-07-03,95.226,14.2,12:10PM,Fine,-,bmt_pre2026.json,
bmt,2024-07-04,72.433,16.1,1:00PM,Fine,-,bmt_pre2026.json,
bmt,2024-07-05,69.334,15.1,1:35PM,Fine,-,bmt_pre2026.json,
bmt,2024-07-06,40.805,16.4,11:45AM,Fine,-,bmt_pre2026.json,
bmt,2024-07-07,74.62,12.5,3:15PM,Fine,-,bmt_pre2026.json,
bmt,2024-07-08,76.279,12.8,2:15PM,Fine,-,bmt_pre2026.json,
bmt,2024-07-09,100.121,13.8,12:25PM,Fine,-,bmt_pre2026.json,
bmt,2024-07-10,70.323,12.4,11:50AM,Fine,-,bmt_pre2026.json,
bmt,2024-07-11,100.382,14.5,11:30AM,Fine,-,bmt_pre2026.json,
bmt,2024-07-12,25.705,6.2,4:30PM,Partly Cloudy,-,bmt_pre2026.json,
bmt,2024-07-13,113.833,13.9,12:15PM,Fine,-,bmt_pre2026.json,
bmt,2024-07-14,101.961,14.9,11:55AM,Fine,-,bmt_pre2026.json,
bmt,2024-07-15,100.04,13.9,12:25PM,Fine,-,bmt_pre2026.json,
bmt,2024-07-16,94.442,13.2,12:25PM,Fine,-,bmt_pre2026.json,
bmt,2024-07-17,89.605,13.6,12:15PM,Fine,-,bmt_pre2026.json,
bmt,2024-07-18,89.59,17.2,12:25PM,Fine,-,bmt_pre2026.json,
bmt,2024-07-19,83.792,13.1,1:20PM,Partly Cloudy,-,bmt_pre2026.json,
bmt,2024-07-20,0.0,0.0,12:00AM,Not Sure,-,bmt_pre2026.json,zero
bmt,2024-07-21,0.0,0.0,12:00AM,Not Sure,-,bmt_pre2026.json,zero
bmt,2024-07-22,0.0,0.0,12:00AM,Not Sure,-,bmt_pre2026.json,zero
bmt,2024-07-23,0.0,0.0,12:00AM,Not Sure,-,bmt_pre2026.json,zero
bmt,2024-07-24,0.0,0.0,12:00AM,Not Sure,-,bmt_pre2026.json,zero
bmt,2024-07-25,0.0,0.0,12:00AM,Not Sure,-,bmt_pre2026.json,zero
bmt,2024-07-26,0.0,0.0,12:00AM,Not Sure,-,bmt_pre2026.json,zero
bmt,2024-07-27,0.0,0.0,12:00AM,Not Sure,-,bmt_pre2026.json,zero
bmt,2024-07-28,0.0,0.0,12:00AM,Not Sure,-,bmt_pre2026.json,zero
bmt,2024-07-29,27.522,11.5,2:40PM,Cloudy,-,bmt_pre2026.json,
bmt,2024-07-31,27.784,13.2,12:55PM,Partly Cloudy,-,bmt_pre2026.json,
bmt,2024-08-01,19.532,4.9,2:40PM,Mostly Cloudy,-,bmt_pre2026.json,
bmt,2024-08-02,97.646,15.2,12:25PM,Fine,-,bmt_pre2026.json,
bmt,2024-08-03,86.055,16.1,1:15PM,Fine,-,bmt_pre2026.json,
bmt,2024-08-04,73.835,16.3,12:30PM,Fine,-,bmt_pre2026.json,
bmt,2024-08-05,95.184,14.5,1:30PM,Fine,-,bmt_pre2026.json,
bmt,2024-08-06,65.267,13.4,3:00PM,Fine,-,bmt_pre2026.json,
bmt,2024-08-07,58.427,15.5,11:05AM,Fine,-,bmt_pre2026.json,
bmt,2024-08-08,77.56,16.7,12:35PM,Fine,-,bmt_pre2026.json,
bmt,2024-08-09,90.792,16.9,12:35PM,Fine,-,bmt_pre2026.json,
bmt,2024-08-10,74.368,15.3,1:55PM,Fine,-,bmt_pre2026.json,
bmt,2024-08-11,32.522,9.2,2:15PM,Fine,-,bmt_pre2026.json,
bmt,2024-08-12,67.927,16.5,12:50PM,Fine,-,bmt_pre2026.json,
bmt,2024-08-13,83.991,14.8,12:25PM,Fine,-,bmt_pre2026.json,
bmt,2024-08-14,84.716,14.7,12:30PM,Fine,-,bmt_pre2026.json,
bmt,2024-08-15,68.782,12.3,2:10PM,Fine,-,bmt_pre2026.json,
bmt,2024-08-16,83.709,15.2,12:15PM,Fine,-,bmt_pre2026.json,
bmt,2024-08-17,60.24,18.2,12:35PM,Fine,-,bmt_pre2026.json,
bmt,2024-08-18,64.347,15.3,12:25PM,Fine,-,bmt_pre2026.json,
bmt,2024-08-19,46.321,15.9,11:40AM,Fine,-,bmt_pre2026.json,
bmt,2024-08-20,84.893,16.3,12:30PM,Fine,-,bmt_pre2026.json,
bmt,2024-08-21,81.337,15.2,11:25AM,Fine,-,bmt_pre2026.json,
bmt,2024-08-22,86.633,15.2,12:20PM,Fine,-,bmt_pre2026.json,
bmt,2024-08-23,70.908,13.1,12:10PM,Fine,-,bmt_pre2026.json,
bmt,2024-08-24,89.36,14.1,12:45PM,Fine,-,bmt_pre2026.json,
bmt,2024-08-25,87.575,15.3,10:50AM,Fine,-,bmt_pre2026.json,
bmt,2024-08-26,72.857,14.8,12:50PM,Fine,-,bmt_pre2026.json,
bmt,2024-08-27,60.795,14.1,1:10PM,Fine,-,bmt_pre2026.json,
bmt,2024-08-28,62.499,15.2,11:20AM,Fine,-,bmt_pre2026.json,
bmt,2024-08-29,28.557,14.4,9:55AM,Partly Cloudy,-,bmt_pre2026.json,
bmt,2024-08-30,79.238,15.6,12:20PM,Fine,-,bmt_pre2026.json,
bmt,2024-08-31,99.797,14.0,11:30AM,Fine,-,bmt_pre2026.json,
bmt,2024-09-01,71.381,14.8,11:25AM,Fine,-,bmt_pre2026.json,
bmt,2024-09-02,76.921,15.1,12:25PM,Fine,-,bmt_pre2026.json,
bmt,2024-09-03,64.523,14.9,12:05PM,Fine,-,bmt_pre2026.json,
bmt,2024-09-04,79.089,15.5,12:00PM,Fine,-,bmt_pre2026.json,
bmt,2024-09-05,64.223,13.1,12:40PM,Fine,-,bmt_pre2026.json,
bmt,2024-09-06,65.916,13.7,12:10PM,Fine,-,bmt_pre2026.json,
bmt,2024-09-07,96.295,14.5,11:00AM,Fine,-,bmt_pre2026.json,
bmt,2024-09-08,88.264,15.1,11:25AM,Fine,-,bmt_pre2026.json,
bmt,2024-09-09,86.611,14.4,12:05PM,Fine,-,bmt_pre2026.json,
bmt,2024-09-10,46.652,16.2,12:10PM,Fine,-,bmt_pre2026.json,
bmt,2024-09-11,61.705,13.1,12:30PM,Fine,-,bmt_pre2026.json,
bmt,2024-09-12,70.965,12.7,11:40AM,Fine,-,bmt_pre2026.json,
bmt,2024-09-13,84.941,13.2,11:20AM,Fine,-,bmt_pre2026.json,
bmt,2024-09-14,77.337,13.3,12:05PM,Fine,-,bmt_pre2026.json,
bmt,2024-09-15,81.332,13.0,12:35PM,Fine,-,bmt_pre2026.json,
bmt,2024-09-16,85.559,12.4,11:45AM,Fine,-,bmt_pre2026.json,
bmt,2024-09-17,80.817,12.8,11:55AM,Fine,-,bmt_pre2026.json,
bmt,2024-09-18,71.022,12.7,12:55PM,Fine,-,bmt_pre2026.json,
bmt,2024-09-19,14.241,7.3,11:50AM,Cloudy,-,bmt_pre2026.json,
bmt,2024-09-20,84.207,11.7,11:35AM,Fine,-,bmt_pre2026.json,
bmt,2024-09-21,76.959,12.8,12:00PM,Fine,-,bmt_pre2026.json,
bmt,2024-09-22,73.918,11.3,12:55PM,Fine,-,bmt_pre2026.json,
bmt,2024-09-23,76.485,11.7,12:05PM,Fine,-,bmt_pre2026.json,
bmt,2024-09-24,74.099,11.3,12:20PM,Fine,-,bmt_pre2026.json,
bmt,2024-09-25,61.178,11.3,1:00PM,Fine,-,bmt_pre2026.json,
bmt,2024-09-26,46.216,10.0,1:10PM,Fine,-,bmt_pre2026.json,
bmt,2024-09-27,30.299,8.4,10:25AM,Partly Cloudy,-,bmt_pre2026.json,
bmt,2024-09-28,48.608,14.9,12:35PM,Fine,-,bmt_pre2026.json,
bmt,2024-09-29,71.71,13.6,11:55AM,Fine,-,bmt_pre2026.json,
bmt,2024-09-30,72.354,12.6,1:15PM,Fine,-,bmt_pre2026.json,
bmt,2024-10-01,58.376,11.6,1:20PM,Fine,-,bmt_pre2026.json,
bmt,2024-10-02,76.445,11.4,12:00PM,Fine,-,bmt_pre2026.json,
bmt,2024-10-03,54.761,11.3,12:40PM,Fine,-,bmt_pre2026.json,
bmt,2024-10-04,68.111,11.2,12:00PM,Fine,-,bmt_pre2026.json,
bmt,2024-10-05,69.561,11.2,12:35PM,Fine,-,bmt_pre2026.json,
bmt,2024-10-06,53.277,12.4,11:30AM,Fine,-,bmt_pre2026.json,
bmt,2024-10-07,82.837,12.4,12:35PM,Fine,-,bmt_pre2026.json,
bmt,2024-10-08,78.014,12.0,11:10AM,Fine,-,bmt_pre2026.json,
bmt,2024-10-09,73.653,12.2,11:40AM,Fine,-,bmt_pre2026.json,
bmt,2024-10-10,82.04,12.5,12:10PM,Fine,-,bmt_pre2026.json,
bmt,2024-10-11,80.092,12.2,12:35PM,Fine,-,bmt_pre2026.json,
bmt,2024-10-12,70.144,11.5,1:05PM,Fine,-,bmt_pre2026.json,
bmt,2024-10-13,69.228,11.7,12:15PM,Fine,-,bmt_pre2026.json,
bmt,2024-10-14,36.829,8.8,2:15PM,Fine,-,bmt_pre2026.json,
bmt,2024-10-15,73.142,11.3,12:00PM,Fine,-,bmt_pre2026.json,
bmt,2024-10-16,69.006,11.0,11:40AM,Fine,-,bmt_pre2026.json,
bmt,2024-10-17,64.976,10.3,11:50AM,Fine,-,bmt_pre2026.json,
bmt,2024-10-18,60.793,9.9,11:50AM,Fine,-,bmt_pre2026.json,
bmt,2024-10-19,52.768,9.0,11:35AM,Fine,-,bmt_pre2026.json,
bmt,2024-10-20,52.36,8.8,12:15PM,Fine,-,bmt_pre2026.json,
bmt,2024-10-21,49.24,8.5,12:25PM,Fine,-,bmt_pre2026.json,
bmt,2024-10-22,41.14,7.2,11:05AM,Fine,-,bmt_pre2026.json,
bmt,2024-10-23,51.847,8.5,11:30AM,Fine,-,bmt_pre2026.json,
bmt,2024-10-24,57.767,9.5,12:05PM,Fine,-,bmt_pre2026.json,
bmt,2024-10-25,49.595,10.3,12:35PM,Fine,-,bmt_pre2026.json,
bmt,2024-10-26,57.902,9.7,12:35PM,Fine,-,bmt_pre2026.json,
bmt,2024-10-27,46.961,8.7,12:20PM,Fine,-,bmt_pre2026.json,
bmt,2024-10-28,40.693,7.5,12:05PM,Fine,-,bmt_pre2026.json,
bmt,2024-10-29,46.052,7.9,11:45AM,Fine,-,bmt_pre2026.json,
bmt,2024-10-30,47.425,8.2,12:50PM,Fine,-,bmt_pre2026.json,
bmt,2024-10-31,58.085,9.4,11:55AM,Fine,-,bmt_pre2026.json,
bmt,2024-11-01,58.446,9.6,12:05PM,Fine,-,bmt_pre2026.json,
bmt,2024-11-02,32.778,6.6,11:15AM,Fine,-,bmt_pre2026.json,
bmt,2024-11-03,34.817,7.1,12:15PM,Fine,-,bmt_pre2026.json,
bmt,2024-11-04,45.462,8.0,11:45AM,Fine,-,bmt_pre2026.json,
bmt,2024-11-05,26.006,6.4,11:55AM,Fine,-,bmt_pre2026.json,
bmt,2024-11-06,32.243,6.0,11:30AM,Fine,-,bmt_pre2026.json,
bmt,2024-11-07,29.977,5.4,11:30AM,Fine,-,bmt_pre2026.json,
bmt,2024-11-08,15.498,5.0,11:45AM,Mostly Cloudy,-,bmt_pre2026.json,
bmt,2024-11-09,23.838,4.8,11:20AM,Fine,-,bmt_pre2026.json,
bmt,2024-11-10,26.795,5.3,12:05PM,Fine,-,bmt_pre2026.json,
bmt,2024-11-11,22.31,4.2,12:15PM,Partly Cloudy,-,bmt_pre2026.json,
bmt,2024-11-12,15.716,4.7,11:55AM,Partly Cloudy,-,bmt_pre2026.json,
bmt,2024-11-13,21.353,4.7,12:20PM,Partly Cloudy,-,bmt_pre2026.json,
bmt,2024-11-14,18.436,5.6,1:00PM,Partly Cloudy,-,bmt_pre2026.json,
bmt,2024-11-15,12.966,4.2,1:50PM,Mostly Cloudy,-,bmt_pre2026.json,
bmt,2024-11-16,6.541,2.5,2:00PM,Cloudy,-,bmt_pre2026.json,
bmt,2024-11-17,28.561,8.3,12:00PM,Fine,-,bmt_pre2026.json,
bmt,2024-11-18,47.104,8.8,11:20AM,Fine,-,bmt_pre2026.json,
bmt,2024-11-19,44.581,8.0,11:00AM,Fine,-,bmt_pre2026.json,
bmt,2024-11-20,44.119,8.1,11:35AM,Fine,-,bmt_pre2026.json,
bmt,2024-11-21,36.74,7.9,11:50AM,Fine,-,bmt_pre2026.json,
bmt,2024-11-22,40.711,7.7,12:10PM,Fine,-,bmt_pre2026.json,
bmt,2024-11-23,27.942,7.5,12:00PM,Fine,-,bmt_pre2026.json,
bmt,2024-11-24,31.398,5.8,12:00PM,Fine,-,bmt_pre2026.json,
bmt,2024-11-25,41.874,7.9,11:50AM,Fine,-,bmt_pre2026.json,
bmt,2024-11-26,39.685,7.3,11:30AM,Fine,-,bmt_pre2026.json,
bmt,2024-11-27,37.431,7.1,12:40PM,Fine,-,bmt_pre2026.json,
bmt,2024-11-28,38.692,7.4,12:00PM,Fine,-,bmt_pre2026.json,
bmt,2024-11-29,30.477,6.3,12:30PM,Fine,-,bmt_pre2026.json,
bmt,2024-11-30,42.876,7.4,12:10PM,Fine,-,bmt_pre2026.json,
bmt,2024-12-01,37.811,7.3,12:10PM,Fine,-,bmt_pre2026.json,
bmt,2024-12-02,12.995,6.1,1:55PM,Mostly Cloudy,-,bmt_pre2026.json,
bmt,2024-12-03,37.568,8.3,11:35AM,Fine,-,bmt_pre2026.json,
bmt,2024-12-04,25.396,7.9,12:00PM,Fine,-,bmt_pre2026.json,
bmt,2024-12-05,40.728,7.6,12:00PM,Fine,-,bmt_pre2026.json,
bmt,2024-12-06,39.628,7.3,12:20PM,Fine,-,bmt_pre2026.json,
bmt,2024-12-07,37.816,7.1,11:55AM,Fine,-,bmt_pre2026.json,
bmt,2024-12-08,32.815,6.7,12:10PM,Fine,-,bmt_pre2026.json,
bmt,2024-12-09,30.876,5.9,11:55AM,Fine,-,bmt_pre2026.json,
bmt,2024-12-10,39.984,7.2,12:05PM,Fine,-,bmt_pre2026.json,
bmt,2024-12-11,37.578,7.0,12:20PM,Fine,-,bmt_pre2026.json,
bmt,2024-12-12,32.036,6.5,11:45AM,Fine,-,bmt_pre2026.json,
bmt,2024-12-13,31.872,7.2,12:10PM,Fine,-,bmt_pre2026.json,
bmt,2024-12-14,30.818,7.4,11:30AM,Fine,-,bmt_pre2026.json,
bmt,2024-12-15,31.406,6.8,11:30AM,Fine,-,bmt_pre2026.json,
bmt,2024-12-16,29.554,6.6,12:20PM,Fine,-,bmt_pre2026.json,
bmt,2024-12-17,31.415,6.3,12:20PM,Fine,-,bmt_pre2026.json,
bmt,2024-12-18,25.794,6.5,12:55PM,Fine,-,bmt_pre2026.json,
bmt,2024-12-19,23.102,4.8,11:55AM,Fine,-,bmt_pre2026.json,
bmt,2024-12-20,12.684,5.2,12:10PM,Mostly Cloudy,-,bmt_pre2026.json,
bmt,2024-12-21,25.787,5.5,12:30PM,Fine,-,bmt_pre2026.json,
bmt,2024-12-22,24.014,6.1,1:05PM,Fine,-,bmt_pre2026.json,
bmt,2024-12-23,8.803,4.3,2:05PM,Cloudy,-,bmt_pre2026.json,
bmt,2024-12-24,17.443,6.0,12:05PM,Mostly Cloudy,-,bmt_pre2026.json,
bmt,2024-12-25,22.254,6.1,12:15PM,Fine,-,bmt_pre2026.json,
bmt,2024-12-26,29.03,5.8,12:10PM,Fine,-,bmt_pre2026.json,
bmt,2024-12-27,1.177,3.2,12:45PM,Showers,-,bmt_pre2026.json,
bmt,2024-12-28,22.371,8.3,11:30AM,Fine,-,bmt_pre2026.json,
bmt,2024-12-29,35.682,9.8,12:50PM,Fine,-,bmt_pre2026.json,
bmt,2024-12-30,16.72,7.3,12:10PM,Partly Cloudy,-,bmt_pre2026.json,
bmt,2024-12-31,29.365,7.0,12:10PM,Fine,-,bmt_pre2026.json,
bmt,2025-01-01,19.565,6.0,1:45PM,Fine,-,bmt_pre2026.json,
bmt,2025-01-02,22.277,6.7,12:25PM,Fine,-,bmt_pre2026.json,
bmt,2025-01-03,25.138,9.2,12:55PM,Fine,-,bmt_pre2026.json,
bmt,2025-01-04,32.268,8.7,12:25PM,Fine,-,bmt_pre2026.json,
bmt,2025-01-05,27.018,7.6,12:25PM,Fine,-,bmt_pre2026.json,
bmt,2025-01-06,21.629,6.0,12:30PM,Fine,-,bmt_pre2026.json,
bmt,2025-01-07,35.666,8.4,12:20PM,Fine,-,bmt_pre2026.json,
bmt,2025-01-08,42.519,9.2,12:15PM,Fine,-,bmt_pre2026.json,
bmt,2025-01-09,36.963,8.4,12:45PM,Fine,-,bmt_pre2026.json,
bmt,2025-01-10,8.43,3.0,2:30PM,Mostly Cloudy,-,bmt_pre2026.json,
bmt,2025-01-11,16.29,6.4,11:35AM,Partly Cloudy,-,bmt_pre2026.json,
bmt,2025-01-12,43.966,10.1,12:10PM,Fine,-,bmt_pre2026.json,
bmt,2025-01-13,43.149,9.3,12:40PM,Fine,-,bmt_pre2026.json,
bmt,2025-01-14,45.376,8.9,12:40PM,Fine,-,bmt_pre2026.json,
bmt,2025-01-15,43.802,8.3,12:50PM,Fine,-,bmt_pre2026.json,
bmt,2025-01-16,5.312,1.6,12:30PM,Cloudy,-,bmt_pre2026.json,
bmt,2025-01-17,33.967,9.1,12:00PM,Fine,-,bmt_pre2026.json,
bmt,2025-01-18,30.833,10.8,12:55PM,Fine,-,bmt_pre2026.json,
bmt,2025-01-19,31.532,8.3,11:40AM,Fine,-,bmt_pre2026.json,
bmt,2025-01-20,46.522,9.0,12:10PM,Fine,-,bmt_pre2026.json,
bmt,2025-01-21,47.171,11.1,12:15PM,Fine,-,bmt_pre2026.json,
bmt,2025-01-22,45.949,8.8,12:20PM,Fine,-,bmt_pre2026.json,
bmt,2025-01-23,46.384,8.7,12:20PM,Fine,-,bmt_pre2026.json,
bmt,2025-01-24,90.021,25.8,12:35PM,Fine,-,bmt_pre2026.json,
bmt,2025-01-25,134.49,25.54,12:25PM,Fine,-,bmt_pre2026.json,
bmt,2025-01-26,142.382,25.82,11:55AM,Fine,-,bmt_pre2026.json,
bmt,2025-01-27,131.237,24.25,1:15PM,Fine,-,bmt_pre2026.json,
bmt,2025-01-28,142.556,25.34,12:55PM,Fine,-,bmt_pre2026.json,
bmt,2025-01-29,107.281,21.95,12:40PM,Fine,-,bmt_pre2026.json,
bmt,2025-01-30,117.297,21.23,1:05PM,Fine,-,bmt_pre2026.json,
bmt,2025-01-31,97.256,19.6,12:45PM,Fine,-,bmt_pre2026.json,
bmt,2025-02-01,83.876,16.74,11:45AM,Fine,-,bmt_pre2026.json,
bmt,2025-02-02,80.281,21.24,12:15PM,Fine,-,bmt_pre2026.json,
bmt,2025-02-03,93.863,24.45,2:10PM,Fine,-,bmt_pre2026.json,
bmt,2025-02-04,124.912,25.03,1:30PM,Fine,-,bmt_pre2026.json,
bmt,2025-02-05,136.682,24.78,1:10PM,Fine,-,bmt_pre2026.json,
bmt,2025-02-06,154.172,26.97,12:50PM,Fine,-,bmt_pre2026.json,
bmt,2025-02-07,148.981,28.14,12:15PM,Fine,-,bmt_pre2026.json,
bmt,2025-02-08,160.414,29.41,12:20PM,Fine,-,bmt_pre2026.json,
bmt,2025-02-09,155.77,27.4,12:35PM,Fine,-,bmt_pre2026.json,
bmt,2025-02-10,23.577,18.1,9:40AM,Partly Cloudy,-,bmt_pre2026.json,
bmt,2025-02-11,112.062,25.92,2:25PM,Fine,-,bmt_pre2026.json,
bmt,2025-02-12,163.704,27.52,12:40PM,Fine,-,bmt_pre2026.json,
bmt,2025-02-13,145.184,30.32,11:35AM,Fine,-,bmt_pre2026.json,
bmt,2025-02-14,159.448,27.03,12:40PM,Fine,-,bmt_pre2026.json,
bmt,2025-02-15,143.233,27.31,1:05PM,Fine,-,bmt_pre2026.json,
bmt,2025-02-16,121.06,27.96,1:10PM,Fine,-,bmt_pre2026.json,
bmt,2025-02-17,159.112,26.78,1:00PM,Fine,-,bmt_pre2026.json,
bmt,2025-02-18,155.732,27.08,12:40PM,Fine,-,bmt_pre2026.json,
bmt,2025-02-19,111.917,24.98,11:45AM,Fine,-,bmt_pre2026.json,
bmt,2025-02-20,4.55,3.49,1:40PM,Showers,-,bmt_pre2026.json,
bmt,2025-02-21,176.606,32.13,12:10PM,Fine,-,bmt_pre2026.json,
bmt,2025-02-22,193.462,32.11,12:25PM,Fine,-,bmt_pre2026.json,
bmt,2025-02-23,196.027,30.41,1:10PM,Fine,-,bmt_pre2026.json,
bmt,2025-02-24,175.059,31.68,12:55PM,Fine,-,bmt_pre2026.json,
bmt,2025-02-25,58.525,17.53,1:00PM,Fine,-,bmt_pre2026.json,
bmt,2025-02-26,125.312,30.58,12:25PM,Fine,-,bmt_pre2026.json,
bmt,2025-02-27,35.692,11.12,12:00PM,Fine,-,bmt_pre2026.json,
bmt,2025-02-28,126.328,37.94,11:50AM,Fine,-,bmt_pre2026.json,
bmt,2025-03-01,192.892,37.31,1:05PM,Fine,-,bmt_pre2026.json,
bmt,2025-03-02,75.12,34.08,1:00PM,Fine,-,bmt_pre2026.json,
bmt,2025-03-03,49.755,34.44,11:30AM,Fine,-,bmt_pre2026.json,
bmt,2025-03-04,219.922,34.04,12:25PM,Fine,-,bmt_pre2026.json,
bmt,2025-03-05,232.366,35.05,12:15PM,Fine,-,bmt_pre2026.json,
bmt,2025-03-06,226.692,33.34,1:00PM,Fine,-,bmt_pre2026.json,
bmt,2025-03-07,204.1,32.23,12:25PM,Fine,-,bmt_pre2026.json,
bmt,2025-03-08,209.017,32.88,12:30PM,Fine,-,bmt_pre2026.json,
bmt,2025-03-09,192.417,32.31,12:10PM,Fine,-,bmt_pre2026.json,
bmt,2025-03-10,136.123,30.13,12:25PM,Fine,-,bmt_pre2026.json,
bmt,2025-03-11,146.07,34.74,2:15PM,Fine,-,bmt_pre2026.json,
bmt,2025-03-12,189.427,36.41,1:00PM,Fine,-,bmt_pre2026.json,
bmt,2025-03-13,150.442,33.52,1:10PM,Fine,-,bmt_pre2026.json,
bmt,2025-03-14,174.185,38.97,11:25AM,Fine,-,bmt_pre2026.json,
bmt,2025-03-15,128.448,37.71,11:50AM,Fine,-,bmt_pre2026.json,
bmt,2025-03-16,204.386,31.09,12:20PM,Fine,-,bmt_pre2026.json,
bmt,2025-03-17,193.964,30.82,12:00PM,Fine,-,bmt_pre2026.json,
bmt,2025-03-18,202.843,31.11,1:15PM,Fine,-,bmt_pre2026.json,
bmt,2025-03-19,161.269,31.81,1:35PM,Fine,-,bmt_pre2026.json,
bmt,2025-03-20,208.848,30.6,1:00PM,Fine,-,bmt_pre2026.json,
bmt,2025-03-21,173.029,30.33,12:25PM,Fine,-,bmt_pre2026.json,
bmt,2025-03-22,188.611,28.59,11:40AM,Fine,-,bmt_pre2026.json,
bmt,2025-03-23,204.116,29.52,12:20PM,Fine,-,bmt_pre2026.json,
bmt,2025-03-24,168.108,27.98,1:00PM,Fine,-,bmt_pre2026.json,
bmt,2025-03-25,178.717,28.9,11:50AM,Fine,-,bmt_pre2026.json,
bmt,2025-03-26,136.786,29.22,12:40PM,Fine,-,bmt_pre2026.json,
bmt,2025-03-27,178.006,28.17,12:35PM,Fine,-,bmt_pre2026.json,
bmt,2025-03-28,206.085,30.23,12:25PM,Fine,-,bmt_pre2026.json,
bmt,2025-03-29,221.439,31.97,12:35PM,Fine,-,bmt_pre2026.json,
bmt,2025-03-30,217.502,30.77,12:15PM,Fine,-,bmt_pre2026.json,
bmt,2025-03-31,208.423,30.47,12:20PM,Fine,-,bmt_pre2026.json,
bmt,2025-04-01,197.2,28.89,12:20PM,Fine,-,bmt_pre2026.json,
bmt,2025-04-02,127.031,27.73,12:40PM,Fine,-,bmt_pre2026.json,
bmt,2025-04-03,162.634,29.53,12:50PM,Fine,-,bmt_pre2026.json,
bmt,2025-04-04,180.628,28.55,12:35PM,Fine,-,bmt_pre2026.json,
bmt,2025-04-05,197.462,28.33,11:55AM,Fine,-,bmt_pre2026.json,
bmt,2025-04-06,188.035,28.9,12:50PM,Fine,-,bmt_pre2026.json,
bmt,2025-04-07,157.393,26.29,12:00PM,Fine,-,bmt_pre2026.json,
bmt,2025-04-08,164.568,24.99,12:25PM,Fine,-,bmt_pre2026.json,
bmt,2025-04-09,154.633,23.77,12:50PM,Fine,-,bmt_pre2026.json,
bmt,2025-04-10,163.789,24.22,11:55AM,Fine,-,bmt_pre2026.json,
bmt,2025-04-11,123.666,39.04,12:25PM,Fine,-,bmt_pre2026.json,
bmt,2025-04-12,228.575,33.04,11:55AM,Fine,-,bmt_pre2026.json,
bmt,2025-04-13,236.771,32.52,12:40PM,Fine,-,bmt_pre2026.json,
bmt,2025-04-14,215.388,30.35,12:25PM,Fine,-,bmt_pre2026.json,
bmt,2025-04-15,146.015,28.69,12:05PM,Fine,-,bmt_pre2026.json,
bmt,2025-04-16,198.845,29.75,11:55AM,Fine,-,bmt_pre2026.json,
bmt,2025-04-17,178.303,32.37,12:15PM,Fine,-,bmt_pre2026.json,
bmt,2025-04-18,174.785,31.5,12:10PM,Fine,-,bmt_pre2026.json,
bmt,2025-04-19,220.316,33.93,11:10AM,Fine,-,bmt_pre2026.json,
bmt,2025-04-20,216.768,31.02,12:45PM,Fine,-,bmt_pre2026.json,
bmt,2025-04-21,93.479,24.8,9:55AM,Fine,-,bmt_pre2026.json,
bmt,2025-04-22,250.526,34.1,12:15PM,Fine,-,bmt_pre2026.json,
bmt,2025-04-23,187.031,32.69,11:10AM,Fine,-,bmt_pre2026.json,
bmt,2025-04-24,215.024,34.44,11:55AM,Fine,-,bmt_pre2026.json,
bmt,2025-04-25,241.129,33.55,12:15PM,Fine,-,bmt_pre2026.json,
bmt,2025-04-26,242.821,33.3,12:20PM,Fine,-,bmt_pre2026.json,
bmt,2025-04-27,91.786,35.73,12:00PM,Fine,-,bmt_pre2026.json,
bmt,2025-04-28,42.781,18.32,3:55PM,Fine,-,bmt_pre2026.json,
bmt,2025-04-29,231.395,31.58,12:25PM,Fine,-,bmt_pre2026.json,
bmt,2025-04-30,205.886,29.22,12:15PM,Fine,-,bmt_pre2026.json,
bmt,2025-05-01,174.954,26.14,12:05PM,Fine,-,bmt_pre2026.json,
bmt,2025-05-02,186.833,41.0,12:55PM,Fine,-,bmt_pre2026.json,
bmt,2025-05-03,237.96,33.66,12:00PM,Fine,-,bmt_pre2026.json,
bmt,2025-05-04,128.541,29.76,12:15PM,Fine,-,bmt_pre2026.json,
bmt,2025-05-05,41.549,10.48,2:40PM,Fine,-,bmt_pre2026.json,
bmt,2025-05-06,216.511,31.65,12:50PM,Fine,-,bmt_pre2026.json,
bmt,2025-05-07,197.138,33.77,12:40PM,Fine,-,bmt_pre2026.json,
bmt,2025-05-08,120.298,39.81,1:20PM,Fine,-,bmt_pre2026.json,
bmt,2025-05-09,225.291,34.81,12:50PM,Fine,-,bmt_pre2026.json,
bmt,2025-05-10,225.661,33.21,11:45AM,Fine,-,bmt_pre2026.json,
bmt,2025-05-11,213.985,32.17,1:10PM,Fine,-,bmt_pre2026.json,
bmt,2025-05-12,258.715,34.09,12:25PM,Fine,-,bmt_pre2026.json,
bmt,2025-05-13,201.196,30.76,12:45PM,Fine,-,bmt_pre2026.json,
bmt,2025-05-14,240.439,32.33,11:35AM,Fine,-,bmt_pre2026.json,
bmt,2025-05-15,227.774,31.59,12:15PM,Fine,-,bmt_pre2026.json,
bmt,2025-05-16,162.739,30.59,12:35PM,Fine,-,bmt_pre2026.json,
bmt,2025-05-17,187.273,28.45,12:05PM,Fine,-,bmt_pre2026.json,
bmt,2025-05-18,198.302,29.06,11:50AM,Fine,-,bmt_pre2026.json,
bmt,2025-05-19,91.863,27.19,9:45AM,Fine,-,bmt_pre2026.json,
bmt,2025-05-20,213.863,31.41,12:20PM,Fine,-,bmt_pre2026.json,
bmt,2025-05-21,209.112,27.79,11:55AM,Fine,-,bmt_pre2026.json,
bmt,2025-05-22,239.081,31.8,12:25PM,Fine,-,bmt_pre2026.json,
bmt,2025-05-23,232.078,32.0,12:35PM,Fine,-,bmt_pre2026.json,
bmt,2025-05-24,220.816,31.68,12:15PM,Fine,-,bmt_pre2026.json,
bmt,2025-05-25,267.75,36.59,12:40PM,Fine,-,bmt_pre2026.json,
bmt,2025-05-26,243.801,34.33,1:05PM,Fine,-,bmt_pre2026.json,
bmt,2025-05-27,224.306,32.38,12:25PM,Fine,-,bmt_pre2026.json,
bmt,2025-05-28,235.082,32.06,11:50AM,Fine,-,bmt_pre2026.json,
bmt,2025-05-29,160.322,31.97,11:55AM,Fine,-,bmt_pre2026.json,
bmt,2025-05-30,229.32,31.55,12:10PM,Fine,-,bmt_pre2026.json,
bmt,2025-05-31,187.917,31.28,11:50AM,Fine,-,bmt_pre2026.json,
bmt,2025-06-01,228.718,33.15,12:35PM,Fine,-,bmt_pre2026.json,
bmt,2025-06-02,77.817,26.38,9:50AM,Fine,-,bmt_pre2026.json,
bmt,2025-06-03,178.136,34.74,12:35PM,Fine,-,bmt_pre2026.json,
bmt,2025-06-04,219.677,31.19,12:55PM,Fine,-,bmt_pre2026.json,
bmt,2025-06-05,201.19,29.18,11:50AM,Fine,-,bmt_pre2026.json,
bmt,2025-06-06,192.643,30.96,1:10PM,Fine,-,bmt_pre2026.json,
bmt,2025-06-07,186.648,27.27,12:10PM,Fine,-,bmt_pre2026.json,
bmt,2025-06-08,177.208,28.44,12:35PM,Fine,-,bmt_pre2026.json,
bmt,2025-06-09,185.402,27.91,11:50AM,Fine,-,bmt_pre2026.json,
bmt,2025-06-10,149.757,27.94,12:15PM,Fine,-,bmt_pre2026.json,
bmt,2025-06-11,139.777,26.95,1:05PM,Fine,-,bmt_pre2026.json,
bmt,2025-06-12,146.226,27.39,12:15PM,Fine,-,bmt_pre2026.json,
bmt,2025-06-13,95.843,24.75,12:40PM,Fine,-,bmt_pre2026.json,
bmt,2025-06-14,203.039,27.47,12:10PM,Fine,-,bmt_pre2026.json,
bmt,2025-06-15,95.186,31.56,1:05PM,Fine,-,bmt_pre2026.json,
bmt,2025-06-16,65.186,29.69,11:15AM,Fine,-,bmt_pre2026.json,
bmt,2025-06-17,87.375,25.78,3:25PM,Fine,-,bmt_pre2026.json,
bmt,2025-06-18,201.543,28.33,11:35AM,Fine,-,bmt_pre2026.json,
bmt,2025-06-19,151.904,24.66,12:35PM,Fine,-,bmt_pre2026.json,
bmt,2025-06-20,125.25,24.38,12:55PM,Fine,-,bmt_pre2026.json,
bmt,2025-06-21,133.865,27.45,12:20PM,Fine,-,bmt_pre2026.json,
bmt,2025-06-22,36.747,23.31,1:35PM,Fine,-,bmt_pre2026.json,
bmt,2025-06-23,199.527,32.29,12:45PM,Fine,-,bmt_pre2026.json,
bmt,2025-06-24,185.51,34.57,12:15PM,Fine,-,bmt_pre2026.json,
bmt,2025-06-25,81.452,16.81,2:05PM,Fine,-,bmt_pre2026.json,
bmt,2025-06-26,42.446,22.38,3:50PM,Fine,-,bmt_pre2026.json,
bmt,2025-06-27,143.59,32.42,10:15AM,Fine,-,bmt_pre2026.json,
bmt,2025-06-28,219.389,34.91,12:20PM,Fine,-,bmt_pre2026.json,
bmt,2025-06-29,116.882,32.91,1:40PM,Fine,-,bmt_pre2026.json,
bmt,2025-06-30,214.89,33.83,12:40PM,Fine,-,bmt_pre2026.json,
bmt,2025-07-01,110.338,34.75,2:00PM,Fine,-,bmt_pre2026.json,
bmt,2025-07-02,223.051,37.11,11:25AM,Fine,-,bmt_pre2026.json,
bmt,2025-07-03,183.397,39.24,12:45PM,Fine,-,bmt_pre2026.json,
bmt,2025-07-04,196.624,35.35,11:50AM,Fine,-,bmt_pre2026.json,
bmt,2025-07-05,191.464,33.7,1:40PM,Fine,-,bmt_pre2026.json,
bmt,2025-07-06,16.947,21.1,1:45PM,Mostly Cloudy,-,bmt_pre2026.json,
bmt,2025-07-07,64.274,31.29,10:05AM,Fine,-,bmt_pre2026.json,
bmt,2025-07-08,152.011,32.75,2:40PM,Fine,-,bmt_pre2026.json,
bmt,2025-07-09,78.671,27.01,3:55PM,Fine,-,bmt_pre2026.json,
bmt,2025-07-10,0.065,0.68,7:45AM,Showers,-,bmt_pre2026.json,
bmt,2025-07-11,184.888,38.68,12:45PM,Fine,-,bmt_pre2026.json,
bmt,2025-07-12,189.613,39.0,12:20PM,Fine,-,bmt_pre2026.json,
bmt,2025-07-13,92.117,22.27,1:20PM,Fine,-,bmt_pre2026.json,
bmt,2025-07-14,1.275,1.2,10:50AM,Showers,-,bmt_pre2026.json,
bmt,2025-07-15,1.539,4.64,3:20PM,Showers,-,bmt_pre2026.json,
bmt,2025-07-16,2.578,14.95,12:15PM,Showers,-,bmt_pre2026.json,
bmt,2025-07-17,119.995,44.05,12:35PM,Fine,-,bmt_pre2026.json,
bmt,2025-07-18,119.841,37.48,1:40PM,Fine,-,bmt_pre2026.json,
bmt,2025-07-19,261.15,38.8,1:20PM,Fine,-,bmt_pre2026.json,
bmt,2025-07-20,241.124,39.43,12:00PM,Fine,-,bmt_pre2026.json,
bmt,2025-07-21,90.403,15.28,2:45PM,Fine,-,bmt_pre2026.json,
bmt,2025-07-22,51.88,20.92,1:45PM,Fine,-,bmt_pre2026.json,
bmt,2025-07-23,36.479,30.55,3:20PM,Fine,-,bmt_pre2026.json,
bmt,2025-07-24,186.92,37.72,12:20PM,Fine,-,bmt_pre2026.json,
bmt,2025-07-25,162.549,41.01,12:55PM,Fine,-,bmt_pre2026.json,
bmt,2025-07-26,183.125,36.28,1:45PM,Fine,-,bmt_pre2026.json,
bmt,2025-07-27,198.584,33.91,12:40PM,Fine,-,bmt_pre2026.json,
bmt,2025-07-28,67.493,24.47,9:55AM,Fine,-,bmt_pre2026.json,
bmt,2025-07-29,166.031,32.64,11:30AM,Fine,-,bmt_pre2026.json,
bmt,2025-07-30,113.892,47.63,12:10PM,Fine,-,bmt_pre2026.json,
bmt,2025-07-31,182.122,49.84,12:20PM,Fine,-,bmt_pre2026.json,
bmt,2025-08-01,70.855,17.64,3:00PM,Fine,-,bmt_pre2026.json,
bmt,2025-08-02,142.151,48.26,12:50PM,Fine,-,bmt_pre2026.json,
bmt,2025-08-03,174.092,35.43,11:45AM,Fine,-,bmt_pre2026.json,
bmt,2025-08-04,199.682,35.11,12:35PM,Fine,-,bmt_pre2026.json,
bmt,2025-08-05,201.216,35.17,1:05PM,Fine,-,bmt_pre2026.json,
bmt,2025-08-06,178.008,38.8,12:25PM,Fine,-,bmt_pre2026.json,
bmt,2025-08-07,206.546,35.75,12:00PM,Fine,-,bmt_pre2026.json,
bmt,2025-08-08,142.039,33.17,12:50PM,Fine,-,bmt_pre2026.json,
bmt,2025-08-09,149.329,32.61,1:25PM,Fine,-,bmt_pre2026.json,
bmt,2025-08-10,134.906,33.82,11:05AM,Fine,-,bmt_pre2026.json,
bmt,2025-08-11,160.976,34.44,12:55PM,Fine,-,bmt_pre2026.json,
bmt,2025-08-12,20.623,18.21,2:50PM,Mostly Cloudy,-,bmt_pre2026.json,
bmt,2025-08-13,104.13,28.89,2:35PM,Fine,-,bmt_pre2026.json,
bmt,2025-08-14,0.866,1.3,5:25PM,Showers,-,bmt_pre2026.json,
bmt,2025-08-15,36.685,20.4,2:45PM,Fine,-,bmt_pre2026.json,
bmt,2025-08-16,91.116,32.24,1:05PM,Fine,-,bmt_pre2026.json,
bmt,2025-08-17,69.97,29.67,12:55PM,Fine,-,bmt_pre2026.json,
bmt,2025-08-18,126.888,32.86,1:30PM,Fine,-,bmt_pre2026.json,
bmt,2025-08-19,156.318,38.5,11:30AM,Fine,-,bmt_pre2026.json,
bmt,2025-08-20,22.904,11.06,9:05AM,Partly Cloudy,-,bmt_pre2026.json,
bmt,2025-08-21,176.93,39.03,1:40PM,Fine,-,bmt_pre2026.json,
bmt,2025-08-22,142.952,37.64,11:25AM,Fine,-,bmt_pre2026.json,
bmt,2025-08-23,127.771,37.12,12:05PM,Fine,-,bmt_pre2026.json,
bmt,2025-08-24,9.69,5.0,3:55PM,Cloudy,-,bmt_pre2026.json,
bmt,2025-08-25,1.129,1.6,4:05PM,Showers,-,bmt_pre2026.json,
bmt,2025-08-26,3.383,1.7,3:20PM,Showers,-,bmt_pre2026.json,
bmt,2025-08-27,0.872,1.2,5:10PM,Showers,-,bmt_pre2026.json,
bmt,2025-08-28,130.769,39.05,12:15PM,Fine,-,bmt_pre2026.json,
bmt,2025-08-29,110.83,35.55,11:10AM,Fine,-,bmt_pre2026.json,
bmt,2025-08-30,3.509,1.4,9:20AM,Showers,-,bmt_pre2026.json,
bmt,2025-08-31,0.024,0.1,9:00AM,Showers,-,bmt_pre2026.json,
bmt,2025-09-01,0.008,0.1,6:50AM,Showers,-,bmt_pre2026.json,
bmt,2025-09-02,0.441,1.7,10:15AM,Showers,-,bmt_pre2026.json,
bmt,2025-09-03,0.24,1.3,12:50PM,Showers,-,bmt_pre2026.json,
bmt,2025-09-04,4.741,37.76,12:10PM,Showers,-,bmt_pre2026.json,
bmt,2025-09-05,124.272,39.66,1:10PM,Fine,-,bmt_pre2026.json,
bmt,2025-09-06,150.087,42.94,12:05PM,Fine,-,bmt_pre2026.json,
bmt,2025-09-07,100.752,37.99,1:05PM,Fine,-,bmt_pre2026.json,
bmt,2025-09-08,150.991,37.67,11:45AM,Fine,-,bmt_pre2026.json,
bmt,2025-09-09,76.382,36.43,2:00PM,Fine,-,bmt_pre2026.json,
bmt,2025-09-10,20.84,34.27,1:05PM,Mostly Cloudy,-,bmt_pre2026.json,
bmt,2025-09-11,97.689,33.45,12:10PM,Fine,-,bmt_pre2026.json,
bmt,2025-09-12,92.334,31.35,1:25PM,Fine,-,bmt_pre2026.json,
bmt,2025-09-13,38.75,18.55,1:15PM,Fine,-,bmt_pre2026.json,
bmt,2025-09-14,98.773,22.25,12:05PM,Fine,-,bmt_pre2026.json,
bmt,2025-09-15,3.914,19.11,12:05PM,Showers,-,bmt_pre2026.json,
bmt,2025-09-16,74.133,19.66,12:15PM,Fine,-,bmt_pre2026.json,
bmt,2025-09-17,64.976,20.55,12:15PM,Fine,-,bmt_pre2026.json,
bmt,2025-09-18,73.075,20.92,12:05PM,Fine,-,bmt_pre2026.json,
bmt,2025-09-19,76.3,19.74,12:40PM,Fine,-,bmt_pre2026.json,
bmt,2025-09-20,52.187,19.42,12:40PM,Fine,-,bmt_pre2026.json,
bmt,2025-09-21,49.577,19.64,12:40PM,Fine,-,bmt_pre2026.json,
bmt,2025-09-22,59.779,18.84,12:15PM,Fine,-,bmt_pre2026.json,
bmt,2025-09-23,56.099,19.33,12:25PM,Fine,-,bmt_pre2026.json,
bmt,2025-09-24,47.707,18.39,12:15PM,Fine,-,bmt_pre2026.json,
bmt,2025-09-25,54.169,18.67,12:10PM,Fine,-,bmt_pre2026.json,
bmt,2025-09-26,45.29,17.79,12:15PM,Fine,-,bmt_pre2026.json,
bmt,2025-09-27,51.379,17.75,12:05PM,Fine,-,bmt_pre2026.json,
bmt,2025-09-28,53.316,18.42,12:40PM,Fine,-,bmt_pre2026.json,
bmt,2025-09-29,0.02,0.13,6:05PM,Showers,-,bmt_pre2026.json,
bmt,2025-09-30,53.944,16.6,12:15PM,Fine,-,bmt_pre2026.json,
bmt,2025-10-01,0.0,0.0,12:00AM,Not Sure,-,bmt_pre2026.json,zero
bmt,2025-10-02,16.984,12.9,2:10PM,Mostly Cloudy,-,bmt_pre2026.json,
bmt,2025-10-03,29.603,15.71,1:25PM,Fine,-,bmt_pre2026.json,
bmt,2025-10-04,0.0,0.0,12:00AM,Not Sure,-,bmt_pre2026.json,zero
bmt,2025-10-05,0.0,0.0,12:00AM,Not Sure,-,bmt_pre2026.json,zero
bmt,2025-10-06,0.0,0.0,12:00AM,Not Sure,-,bmt_pre2026.json,zero
bmt,2025-10-07,0.0,0.0,12:00AM,Not Sure,-,bmt_pre2026.json,zero
bmt,2025-10-08,0.0,0.0,12:00AM,Not Sure,-,bmt_pre2026.json,zero
bmt,2025-10-09,0.0,0.0,12:00AM,Not Sure,-,bmt_pre2026.json,zero
bmt,2025-10-10,0.0,0.0,12:00AM,Not Sure,-,bmt_pre2026.json,zero
bmt,2025-10-11,40.376,18.35,1:10PM,Fine,-,bmt_pre2026.json,
bmt,2025-10-12,110.167,19.32,12:25PM,Fine,-,bmt_pre2026.json,
bmt,2025-10-13,91.007,18.01,11:35AM,Fine,-,bmt_pre2026.json,
bmt,2025-10-14,78.979,16.85,12:10PM,Fine,-,bmt_pre2026.json,
bmt,2025-10-15,86.332,16.64,12:40PM,Fine,-,bmt_pre2026.json,
bmt,2025-10-16,79.776,16.75,12:30PM,Fine,-,bmt_pre2026.json,
bmt,2025-10-17,84.454,17.11,12:05PM,Fine,-,bmt_pre2026.json,
bmt,2025-10-18,84.788,17.11,12:15PM,Fine,-,bmt_pre2026.json,
bmt,2025-10-19,88.807,16.58,12:15PM,Fine,-,bmt_pre2026.json,
bmt,2025-10-20,86.975,16.47,12:05PM,Fine,-,bmt_pre2026.json,
bmt,2025-10-21,87.929,18.83,12:05PM,Fine,-,bmt_pre2026.json,
bmt,2025-10-22,78.071,15.42,12:15PM,Fine,-,bmt_pre2026.json,
bmt,2025-10-23,80.072,15.03,12:10PM,Fine,-,bmt_pre2026.json,
bmt,2025-10-24,79.322,15.36,12:35PM,Fine,-,bmt_pre2026.json,
bmt,2025-10-25,67.613,14.45,12:05PM,Fine,-,bmt_pre2026.json,
bmt,2025-10-26,72.85,14.21,12:05PM,Fine,-,bmt_pre2026.json,
bmt,2025-10-27,67.982,13.75,12:35PM,Fine,-,bmt_pre2026.json,
bmt,2025-10-28,65.604,12.84,11:25AM,Fine,-,bmt_pre2026.json,
bmt,2025-10-29,58.601,12.68,12:45PM,Fine,-,bmt_pre2026.json,
bmt,2025-10-30,62.908,12.86,12:15PM,Fine,-,bmt_pre2026.json,
bmt,2025-10-31,61.114,12.75,12:05PM,Fine,-,bmt_pre2026.json,
bmt,2025-11-01,59.435,12.68,12:10PM,Fine,-,bmt_pre2026.json,
bmt,2025-11-02,63.514,12.8,11:50AM,Fine,-,bmt_pre2026.json,
bmt,2025-11-03,61.212,12.64,12:30PM,Fine,-,bmt_pre2026.json,
bmt,2025-11-04,47.094,10.69,12:25PM,Fine,-,bmt_pre2026.json,
bmt,2025-11-05,65.213,13.81,12:25PM,Fine,-,bmt_pre2026.json,
bmt,2025-11-06,73.341,14.48,12:10PM,Fine,-,bmt_pre2026.json,
bmt,2025-11-07,63.907,13.9,12:15PM,Fine,-,bmt_pre2026.json,
bmt,2025-11-08,58.255,12.53,12:35PM,Fine,-,bmt_pre2026.json,
bmt,2025-11-09,64.584,12.61,12:00PM,Fine,-,bmt_pre2026.json,
bmt,2025-11-10,58.064,12.04,12:10PM,Fine,-,bmt_pre2026.json,
bmt,2025-11-11,57.401,11.81,12:10PM,Fine,-,bmt_pre2026.json,
bmt,2025-11-12,49.175,11.08,11:50AM,Fine,-,bmt_pre2026.json,
bmt,2025-11-13,50.838,10.77,12:05PM,Fine,-,bmt_pre2026.json,
bmt,2025-11-14,50.242,10.43,11:50AM,Fine,-,bmt_pre2026.json,
bmt,2025-11-15,49.841,10.74,12:00PM,Fine,-,bmt_pre2026.json,
bmt,2025-11-16,48.627,10.49,12:10PM,Fine,-,bmt_pre2026.json,
bmt,2025-11-17,9.963,6.92,9:55AM,Cloudy,-,bmt_pre2026.json,
bmt,2025-11-18,43.384,9.73,12:00PM,Fine,-,bmt_pre2026.json,
bmt,2025-11-19,41.626,8.81,1:30PM,Fine,-,bmt_pre2026.json,
bmt,2025-11-20,37.494,8.41,12:10PM,Fine,-,bmt_pre2026.json,
bmt,2025-11-21,39.066,7.57,11:55AM,Fine,-,bmt_pre2026.json,
bmt,2025-11-22,38.909,8.35,11:25AM,Fine,-,bmt_pre2026.json,
bmt,2025-11-23,37.39,7.94,12:10PM,Fine,-,bmt_pre2026.json,
bmt,2025-11-24,43.256,8.79,11:50AM,Fine,-,bmt_pre2026.json,
bmt,2025-11-25,45.527,9.07,11:55AM,Fine,-,bmt_pre2026.json,
bmt,2025-11-26,43.422,9.08,12:45PM,Fine,-,bmt_pre2026.json,
bmt,2025-11-27,41.099,9.34,11:35AM,Fine,-,bmt_pre2026.json,
bmt,2025-11-28,40.622,9.57,12:10PM,Fine,-,bmt_pre2026.json,
bmt,2025-11-29,37.547,9.82,12:45PM,Fine,-,bmt_pre2026.json,
bmt,2025-11-30,43.821,11.32,12:55PM,Fine,-,bmt_pre2026.json,
bmt,2025-12-01,31.46,9.2,12:30PM,Fine,-,bmt_pre2026.json,
bmt,2025-12-02,35.04,8.14,12:10PM,Fine,-,bmt_pre2026.json,
bmt,2025-12-03,40.067,8.71,12:10PM,Fine,-,bmt_pre2026.json,
bmt,2025-12-04,32.17,8.3,12:20PM,Fine,-,bmt_pre2026.json,
bmt,2025-12-05,41.441,8.47,12:20PM,Fine,-,bmt_pre2026.json,
bmt,2025-12-06,43.609,8.92,11:45AM,Fine,-,bmt_pre2026.json,
bmt,2025-12-07,39.994,8.41,11:45AM,Fine,-,bmt_pre2026.json,
bmt,2025-12-08,9.041,5.95,10:10AM,Mostly Cloudy,-,bmt_pre2026.json,
bmt,2025-12-09,37.624,8.87,12:15PM,Fine,-,bmt_pre2026.json,
bmt,2025-12-10,36.142,8.13,12:00PM,Fine,-,bmt_pre2026.json,
bmt,2025-12-11,38.679,7.8,12:40PM,Fine,-,bmt_pre2026.json,
bmt,2025-12-12,28.895,7.44,11:15AM,Fine,-,bmt_pre2026.json,
bmt,2025-12-13,18.865,4.79,1:05PM,Partly Cloudy,-,bmt_pre2026.json,
bmt,2025-12-14,29.858,7.56,12:10PM,Fine,-,bmt_pre2026.json,
bmt,2025-12-15,36.035,9.23,11:25AM,Fine,-,bmt_pre2026.json,
bmt,2025-12-16,33.253,7.51,12:20PM,Fine,-,bmt_pre2026.json,
bmt,2025-12-17,33.037,7.79,1:20PM,Fine,-,bmt_pre2026.json,
bmt,2025-12-18,26.304,8.02,1:20PM,Fine,-,bmt_pre2026.json,
bmt,2025-12-19,17.044,7.09,12:35PM,Partly Cloudy,-,bmt_pre2026.json,
bmt,2025-12-20,20.455,6.67,12:20PM,Fine,-,bmt_pre2026.json,
bmt,2025-12-21,17.728,5.63,12:35PM,Partly Cloudy,-,bmt_pre2026.json,
bmt,2025-12-22,22.917,5.74,12:10PM,Fine,-,bmt_pre2026.json,
bmt,2025-12-23,23.658,7.43,1:05PM,Fine,-,bmt_pre2026.json,
bmt,2025-12-24,35.475,8.04,12:35PM,Fine,-,bmt_pre2026.json,
bmt,2025-12-25,36.099,8.98,12:40PM,Fine,-,bmt_pre2026.json,
bmt,2025-12-26,31.825,7.52,12:00PM,Fine,-,bmt_pre2026.json,
bmt,2025-12-27,30.436,9.84,1:05PM,Fine,-,bmt_pre2026.json,
bmt,2025-12-28,25.104,7.23,12:05PM,Fine,-,bmt_pre2026.json,
bmt,2025-12-29,20.026,7.71,1:10PM,Partly Cloudy,-,bmt_pre2026.json,
bmt,2025-12-30,26.885,8.48,1:30PM,Fine,-,bmt_pre2026.json,
bmt,2025-12-31,5.677,1.77,1:05PM,Cloudy,-,bmt_pre2026.json,
bmt,2026-01-01,2.058,1.75,10:10AM,Showers,-,bmt_full_242.json,low_output
bmt,2026-01-02,17.824,5.57,11:40AM,Partly Cloudy,-,bmt_full_242.json,low_output
bmt,2026-01-03,7.772,2.07,11:15AM,Cloudy,-,bmt_full_242.json,low_output
bmt,2026-01-04,10.747,3.43,12:25PM,Mostly Cloudy,-,bmt_full_242.json,low_output
bmt,2026-01-05,21.844,8.51,12:50PM,Fine,-,bmt_full_242.json,low_output
bmt,2026-01-06,25.752,7.46,12:55PM,Fine,-,bmt_full_242.json,low_output
bmt,2026-01-07,5.948,1.43,3:00PM,Cloudy,-,bmt_full_242.json,low_output
bmt,2026-01-08,11.135,2.94,2:35PM,Mostly Cloudy,-,bmt_full_242.json,low_output
bmt,2026-01-09,23.568,6.79,12:15PM,Fine,-,bmt_full_242.json,low_output
bmt,2026-01-10,19.567,5.88,2:25PM,Fine,-,bmt_full_242.json,low_output
bmt,2026-01-11,9.781,6.71,2:10PM,Mostly Cloudy,-,bmt_full_242.json,low_output
bmt,2026-01-12,18.41,6.43,1:50PM,Partly Cloudy,-,bmt_full_242.json,low_output
bmt,2026-01-13,9.773,3.06,2:15PM,Mostly Cloudy,-,bmt_full_242.json,low_output
bmt,2026-01-14,13.837,4.37,2:40PM,Partly Cloudy,-,bmt_full_242.json,low_output
bmt,2026-01-15,20.096,7.14,1:30PM,Fine,-,bmt_full_242.json,low_output
bmt,2026-01-16,16.686,5.98,1:30PM,Partly Cloudy,-,bmt_full_242.json,low_output
bmt,2026-01-17,2.175,3.17,3:35PM,Showers,-,bmt_full_242.json,low_output
bmt,2026-01-18,25.442,5.97,12:00PM,Fine,-,bmt_full_242.json,low_output
bmt,2026-01-19,32.822,6.32,12:10PM,Fine,-,bmt_full_242.json,low_output
bmt,2026-01-20,25.095,7.1,12:50PM,Fine,-,bmt_full_242.json,low_output
bmt,2026-01-21,24.557,6.86,12:00PM,Fine,-,bmt_full_242.json,low_output
bmt,2026-01-22,25.62,25.942,5:05PM,Fine,-,bmt_full_242.json,low_output
bmt,2026-01-23,46.801,17.29,12:35PM,Fine,-,bmt_full_242.json,low_output
bmt,2026-01-24,45.19,14.07,11:50AM,Fine,-,bmt_full_242.json,low_output
bmt,2026-01-25,76.746,14.33,12:35PM,Fine,-,bmt_full_242.json,low_output
bmt,2026-01-26,44.801,16.58,12:30PM,Fine,-,bmt_full_242.json,low_output
bmt,2026-01-27,19.059,24.852,12:15PM,Fine,-,bmt_full_242.json,low_output
bmt,2026-01-28,131.604,23.953,12:20PM,Fine,-,bmt_full_242.json,
bmt,2026-01-29,144.224,26.669,12:15PM,Fine,-,bmt_full_242.json,
bmt,2026-01-30,121.617,26.164,12:40PM,Fine,-,bmt_full_242.json,
bmt,2026-01-31,97.428,21.315,12:15PM,Fine,-,bmt_full_242.json,
bmt,2026-02-01,103.185,20.813,1:20PM,Fine,-,bmt_full_242.json,
bmt,2026-02-02,44.495,20.738,10:55AM,Fine,-,bmt_full_242.json,
bmt,2026-02-03,129.416,23.364,12:15PM,Fine,-,bmt_full_242.json,
bmt,2026-02-04,91.707,22.783,1:30PM,Fine,-,bmt_full_242.json,
bmt,2026-02-05,144.016,28.288,12:55PM,Fine,-,bmt_full_242.json,
bmt,2026-02-06,127.242,22.887,12:15PM,Fine,-,bmt_full_242.json,
bmt,2026-02-07,151.098,25.195,12:35PM,Fine,-,bmt_full_242.json,
bmt,2026-02-08,151.757,25.94,12:40PM,Fine,-,bmt_full_242.json,
bmt,2026-02-09,120.419,25.212,1:50PM,Fine,-,bmt_full_242.json,
bmt,2026-02-10,114.624,22.331,1:05PM,Fine,-,bmt_full_242.json,
bmt,2026-02-11,138.361,25.422,1:20PM,Fine,-,bmt_full_242.json,
bmt,2026-02-12,127.415,25.913,12:25PM,Fine,-,bmt_full_242.json,
bmt,2026-02-13,131.919,24.035,12:15PM,Fine,-,bmt_full_242.json,
bmt,2026-02-14,117.21,22.606,12:05PM,Fine,-,bmt_full_242.json,
bmt,2026-02-15,132.461,22.72,12:45PM,Fine,-,bmt_full_242.json,
bmt,2026-02-16,121.8,22.289,12:25PM,Fine,-,bmt_full_242.json,
bmt,2026-02-17,0.009,0.039,4:40PM,Showers,-,bmt_full_242.json,outage_suspect
bmt,2026-02-18,0.002,0.0,12:00AM,Showers,-,bmt_full_242.json,outage_suspect
bmt,2026-02-19,0.004,0.029,2:10PM,Showers,-,bmt_full_242.json,outage_suspect
bmt,2026-02-20,0.35,1.097,5:35PM,Showers,-,bmt_full_242.json,outage_suspect
bmt,2026-02-21,127.6,23.25,12:50PM,Fine,-,bmt_full_242.json,
bmt,2026-02-22,125.299,21.295,12:30PM,Fine,-,bmt_full_242.json,
bmt,2026-02-23,122.574,20.899,12:50PM,Fine,-,bmt_full_242.json,
bmt,2026-02-24,110.113,20.979,12:35PM,Fine,-,bmt_full_242.json,
bmt,2026-02-25,121.379,20.768,11:50AM,Fine,-,bmt_full_242.json,
bmt,2026-02-26,19.179,9.097,9:05AM,Partly Cloudy,-,bmt_full_242.json,
bmt,2026-02-27,117.406,20.773,12:50PM,Fine,-,bmt_full_242.json,
bmt,2026-02-28,135.272,22.191,1:05PM,Fine,-,bmt_full_242.json,
bmt,2026-03-01,142.825,23.164,12:40PM,Fine,-,bmt_full_242.json,
bmt,2026-03-02,123.006,23.757,1:35PM,Fine,-,bmt_full_242.json,
bmt,2026-03-03,141.904,22.924,12:20PM,Fine,-,bmt_full_242.json,
bmt,2026-03-04,123.449,21.063,12:45PM,Fine,-,bmt_full_242.json,
bmt,2026-03-05,136.267,21.816,12:40PM,Fine,-,bmt_full_242.json,
bmt,2026-03-06,113.181,21.752,12:20PM,Fine,-,bmt_full_242.json,
bmt,2026-03-07,127.959,21.168,12:10PM,Fine,-,bmt_full_242.json,
bmt,2026-03-08,114.719,20.131,12:15PM,Fine,-,bmt_full_242.json,
bmt,2026-03-09,67.999,19.08,11:40AM,Fine,-,bmt_full_242.json,
bmt,2026-03-10,101.085,21.119,1:15PM,Fine,-,bmt_full_242.json,
bmt,2026-03-11,170.39,33.908,1:05PM,Fine,-,bmt_full_242.json,
bmt,2026-03-12,165.874,32.577,11:20AM,Fine,-,bmt_full_242.json,
bmt,2026-03-13,188.792,34.496,1:40PM,Fine,-,bmt_full_242.json,
bmt,2026-03-14,204.251,40.34,12:20PM,Fine,-,bmt_full_242.json,
bmt,2026-03-15,41.988,24.027,11:40AM,Fine,-,bmt_full_242.json,
bmt,2026-03-16,126.893,42.365,1:50PM,Fine,-,bmt_full_242.json,
bmt,2026-03-17,214.574,42.262,1:00PM,Fine,-,bmt_full_242.json,
bmt,2026-03-18,39.789,6.93,11:30AM,Fine,-,bmt_full_242.json,
bmt,2026-03-19,70.265,20.737,9:15AM,Fine,-,bmt_full_242.json,
bmt,2026-03-20,160.859,45.104,12:15PM,Fine,-,bmt_full_242.json,
bmt,2026-03-21,188.586,34.736,11:50AM,Fine,-,bmt_full_242.json,
bmt,2026-03-22,242.879,36.844,11:20AM,Fine,-,bmt_full_242.json,
bmt,2026-03-23,224.503,36.694,1:15PM,Fine,-,bmt_full_242.json,
bmt,2026-03-24,138.329,35.017,12:15PM,Fine,-,bmt_full_242.json,
bmt,2026-03-25,201.181,35.983,12:10PM,Fine,-,bmt_full_242.json,
bmt,2026-03-26,190.035,36.396,1:25PM,Fine,-,bmt_full_242.json,
bmt,2026-03-27,231.474,34.733,12:25PM,Fine,-,bmt_full_242.json,
bmt,2026-03-28,199.999,36.52,12:15PM,Fine,-,bmt_full_242.json,
bmt,2026-03-29,139.5,37.965,12:05PM,Fine,-,bmt_full_242.json,
bmt,2026-03-30,176.562,39.434,1:20PM,Fine,-,bmt_full_242.json,
bmt,2026-03-31,235.212,38.829,1:00PM,Fine,-,bmt_full_242.json,
bmt,2026-04-01,194.195,40.528,1:15PM,Fine,-,bmt_full_242.json,
bmt,2026-04-02,243.814,37.129,1:10PM,Fine,-,bmt_full_242.json,
bmt,2026-04-03,110.572,40.243,2:05PM,Fine,-,bmt_full_242.json,
bmt,2026-04-04,167.966,42.98,1:25PM,Fine,-,bmt_full_242.json,
bmt,2026-04-05,275.83,37.965,12:40PM,Fine,-,bmt_full_242.json,
bmt,2026-04-06,79.209,30.31,10:20AM,Fine,-,bmt_full_242.json,
bmt,2026-04-07,54.188,17.508,12:15PM,Fine,-,bmt_full_242.json,
bmt,2026-04-08,187.3,41.158,1:35PM,Fine,-,bmt_full_242.json,
bmt,2026-04-09,167.856,42.334,11:50AM,Fine,-,bmt_full_242.json,
bmt,2026-04-10,148.273,37.973,12:40PM,Fine,-,bmt_full_242.json,
bmt,2026-04-11,245.635,35.981,12:05PM,Fine,-,bmt_full_242.json,
bmt,2026-04-12,282.157,38.23,12:25PM,Fine,-,bmt_full_242.json,
bmt,2026-04-13,101.908,33.109,10:30AM,Fine,-,bmt_full_242.json,
bmt,2026-04-14,243.919,36.994,12:05PM,Fine,-,bmt_full_242.json,
bmt,2026-04-15,261.691,36.797,12:25PM,Fine,-,bmt_full_242.json,
bmt,2026-04-16,218.09,36.131,11:55AM,Fine,-,bmt_full_242.json,
bmt,2026-04-17,172.132,40.55,12:35PM,Fine,-,bmt_full_242.json,
bmt,2026-04-18,245.721,34.291,12:25PM,Fine,-,bmt_full_242.json,
bmt,2026-04-19,157.038,38.05,12:05PM,Fine,-,bmt_full_242.json,
bmt,2026-04-20,249.651,35.159,12:30PM,Fine,-,bmt_full_242.json,
bmt,2026-04-21,252.836,35.358,12:30PM,Fine,-,bmt_full_242.json,
bmt,2026-04-22,223.587,33.252,12:55PM,Fine,-,bmt_full_242.json,
bmt,2026-04-23,212.811,30.248,12:30PM,Fine,-,bmt_full_242.json,
bmt,2026-04-24,232.012,32.09,12:35PM,Fine,-,bmt_full_242.json,
bmt,2026-04-25,184.89,36.933,12:05PM,Fine,-,bmt_full_242.json,
bmt,2026-04-26,243.035,33.135,12:15PM,Fine,-,bmt_full_242.json,
bmt,2026-04-27,202.344,33.163,12:05PM,Fine,-,bmt_full_242.json,
bmt,2026-04-28,151.682,30.465,2:45PM,Fine,-,bmt_full_242.json,
bmt,2026-04-29,269.744,36.24,12:15PM,Fine,-,bmt_full_242.json,
bmt,2026-04-30,246.7,41.363,11:20AM,Fine,-,bmt_full_242.json,
bmt,2026-05-01,257.081,35.498,12:15PM,Fine,-,bmt_full_242.json,
bmt,2026-05-02,255.87,34.833,11:40AM,Fine,-,bmt_full_242.json,
bmt,2026-05-03,10.569,9.001,9:25AM,Cloudy,-,bmt_full_242.json,
bmt,2026-05-04,262.928,38.59,12:20PM,Fine,-,bmt_full_242.json,
bmt,2026-05-05,282.433,38.046,11:50AM,Fine,-,bmt_full_242.json,
bmt,2026-05-06,251.579,38.204,12:30PM,Fine,-,bmt_full_242.json,
bmt,2026-05-07,239.613,36.759,12:20PM,Fine,-,bmt_full_242.json,
bmt,2026-05-08,230.697,32.019,11:30AM,Fine,-,bmt_full_242.json,
bmt,2026-05-09,191.493,29.734,11:45AM,Fine,-,bmt_full_242.json,
bmt,2026-05-10,191.045,27.225,12:25PM,Fine,-,bmt_full_242.json,
bmt,2026-05-11,178.1,36.405,11:45AM,Fine,-,bmt_full_242.json,
bmt,2026-05-12,213.523,31.898,12:45PM,Fine,-,bmt_full_242.json,
bmt,2026-05-13,193.96,31.157,1:15PM,Fine,-,bmt_full_242.json,
bmt,2026-05-14,244.149,35.773,12:40PM,Fine,-,bmt_full_242.json,
bmt,2026-05-15,228.254,39.86,12:30PM,Fine,-,bmt_full_242.json,
bmt,2026-05-16,262.714,35.243,12:40PM,Fine,-,bmt_full_242.json,
bmt,2026-05-17,261.546,34.805,12:10PM,Fine,-,bmt_full_242.json,
bmt,2026-05-18,247.715,34.043,11:55AM,Fine,-,bmt_full_242.json,
bmt,2026-05-19,247.605,33.606,12:20PM,Fine,-,bmt_full_242.json,
bmt,2026-05-20,235.816,33.783,12:20PM,Fine,-,bmt_full_242.json,
bmt,2026-05-21,201.577,33.757,12:00PM,Fine,-,bmt_full_242.json,
bmt,2026-05-22,215.328,32.831,12:25PM,Fine,-,bmt_full_242.json,
bmt,2026-05-23,221.019,32.331,12:05PM,Fine,-,bmt_full_242.json,
bmt,2026-05-24,201.771,35.046,12:30PM,Fine,-,bmt_full_242.json,
bmt,2026-05-25,219.495,32.381,12:20PM,Fine,-,bmt_full_242.json,
bmt,2026-05-26,181.382,32.955,12:30PM,Fine,-,bmt_full_242.json,
bmt,2026-05-27,237.943,32.312,12:40PM,Fine,-,bmt_full_242.json,
bmt,2026-05-28,189.859,32.727,11:10AM,Fine,-,bmt_full_242.json,
bmt,2026-05-29,241.286,32.052,12:15PM,Fine,-,bmt_full_242.json,
bmt,2026-05-30,34.546,28.919,3:20PM,Partly Cloudy,-,bmt_full_242.json,
bmt,2026-05-31,236.323,39.541,10:45AM,Fine,-,bmt_full_242.json,
bmt,2026-06-01,112.793,33.104,2:05PM,Fine,-,bmt_full_242.json,
bmt,2026-06-02,247.087,34.589,11:35AM,Fine,-,bmt_full_242.json,
bmt,2026-06-03,286.542,36.666,12:15PM,Fine,-,bmt_full_242.json,
bmt,2026-06-04,236.81,35.933,12:25PM,Fine,-,bmt_full_242.json,
bmt,2026-06-05,284.954,36.449,12:25PM,Fine,-,bmt_full_242.json,
bmt,2026-06-06,277.884,35.194,12:25PM,Fine,-,bmt_full_242.json,
bmt,2026-06-07,287.572,36.75,12:20PM,Fine,-,bmt_full_242.json,
bmt,2026-06-08,267.772,35.504,1:05PM,Fine,-,bmt_full_242.json,
bmt,2026-06-09,254.515,35.887,1:15PM,Fine,-,bmt_full_242.json,
bmt,2026-06-10,257.69,34.358,12:10PM,Fine,-,bmt_full_242.json,
bmt,2026-06-11,232.78,32.76,12:15PM,Fine,-,bmt_full_242.json,
bmt,2026-06-12,266.638,39.904,11:50AM,Fine,-,bmt_full_242.json,
bmt,2026-06-13,233.702,41.635,10:25AM,Fine,-,bmt_full_242.json,
bmt,2026-06-14,289.864,37.436,12:40PM,Fine,-,bmt_full_242.json,
bmt,2026-06-15,282.812,36.166,12:25PM,Fine,-,bmt_full_242.json,
bmt,2026-06-16,188.629,42.71,11:05AM,Fine,-,bmt_full_242.json,
bmt,2026-06-17,258.736,34.73,12:50PM,Fine,-,bmt_full_242.json,
bmt,2026-06-18,234.464,38.802,11:10AM,Fine,-,bmt_full_242.json,
bmt,2026-06-19,222.259,42.068,11:45AM,Fine,-,bmt_full_242.json,
bmt,2026-06-20,236.388,39.978,10:50AM,Fine,-,bmt_full_242.json,
bmt,2026-06-21,245.564,35.247,12:35PM,Fine,-,bmt_full_242.json,
bmt,2026-06-22,255.926,38.313,12:25PM,Fine,-,bmt_full_242.json,
bmt,2026-06-23,215.31,36.603,12:45PM,Fine,-,bmt_full_242.json,
bmt,2026-06-24,199.046,35.15,12:20PM,Fine,-,bmt_full_242.json,
bmt,2026-06-25,110.587,31.272,3:35PM,Fine,-,bmt_full_242.json,
bmt,2026-06-26,206.229,42.137,11:00AM,Fine,-,bmt_full_242.json,
bmt,2026-06-27,257.203,33.428,12:30PM,Fine,-,bmt_full_242.json,
bmt,2026-06-28,232.763,32.753,12:25PM,Fine,-,bmt_full_242.json,
bmt,2026-06-29,228.518,33.257,1:45PM,Fine,-,bmt_full_242.json,
bmt,2026-06-30,193.132,30.407,12:15PM,Fine,-,bmt_full_242.json,
bmt,2026-07-01,198.647,33.306,11:25AM,Fine,-,bmt_full_242.json,
bmt,2026-07-02,253.73,39.627,11:40AM,Fine,-,bmt_full_242.json,
bmt,2026-07-03,268.609,38.324,11:45AM,Fine,-,bmt_full_242.json,
bmt,2026-07-04,235.216,39.393,11:35AM,Fine,-,bmt_full_242.json,
bmt,2026-07-05,223.677,33.692,12:35PM,Fine,-,bmt_full_242.json,
bmt,2026-07-06,97.201,31.585,2:25PM,Fine,-,bmt_full_242.json,
bmt,2026-07-07,202.587,35.196,11:45AM,Fine,-,bmt_full_242.json,
bmt,2026-07-08,193.905,40.394,12:40PM,Fine,-,bmt_full_242.json,
bmt,2026-07-09,1.532,0.474,7:25PM,Showers,-,bmt_full_242.json,
bmt,2026-07-10,1.239,0.173,4:30PM,Showers,-,bmt_full_242.json,
bmt,2026-07-11,1.39,0.187,11:45AM,Showers,-,bmt_full_242.json,
bmt,2026-07-12,72.568,42.403,2:00PM,Fine,-,bmt_full_242.json,
bmt,2026-07-13,191.775,47.679,12:50PM,Fine,-,bmt_full_242.json,
bmt,2026-07-14,227.657,47.441,12:55PM,Fine,-,bmt_full_242.json,
bmt,2026-07-15,247.745,41.523,11:55AM,Fine,-,bmt_full_242.json,
bmt,2026-07-16,220.82,36.94,12:40PM,Fine,-,bmt_full_242.json,
bmt,2026-07-17,217.465,34.458,12:00PM,Fine,-,bmt_full_242.json,
bmt,2026-07-18,195.943,36.346,12:35PM,Fine,-,bmt_full_242.json,
bmt,2026-07-19,172.81,33.934,11:15AM,Fine,-,bmt_full_242.json,
bmt,2026-07-20,139.928,30.034,2:45PM,Fine,-,bmt_full_242.json,
bmt,2026-07-21,11.825,5.334,12:15PM,Cloudy,-,bmt_full_242.json,
bmt,2026-07-22,104.605,19.484,8:10AM,Fine,-,gaps_82.json,gap_filled
bmt,2026-07-23,74.491,20.338,12:50PM,Fine,-,gaps_82.json,gap_filled
bmt,2026-07-24,210.756,41.333,12:25PM,Fine,-,gaps_82.json,gap_filled
bmt,2026-07-25,149.129,43.065,12:45PM,Fine,-,gaps_82.json,gap_filled
bmt,2026-07-26,239.82,42.111,12:50PM,Fine,-,gaps_82.json,gap_filled
bmt,2026-07-27,202.215,39.04,1:20PM,Fine,-,gaps_82.json,gap_filled
bmt,2026-07-28,83.458,40.883,12:20PM,Fine,-,gaps_82.json,gap_filled
bmt,2026-07-29,101.786,29.867,3:15PM,Fine,-,gaps_82.json,gap_filled
bmt,2026-07-30,217.591,38.296,12:40PM,Fine,-,gaps_82.json,gap_filled
bmt,2026-07-31,115.85,36.324,2:15PM,Fine,-,gaps_82.json,gap_filled
bmt,2026-08-01,209.788,46.382,11:30AM,Fine,-,gaps_82.json,gap_filled
bmt,2026-08-02,230.914,40.881,12:20PM,Fine,-,gaps_82.json,gap_filled
bmt,2026-08-03,148.99,41.381,12:50PM,Fine,-,gaps_82.json,gap_filled
bmt,2026-08-04,181.793,38.337,2:05PM,Fine,-,gaps_82.json,gap_filled
bmt,2026-08-05,183.544,36.008,12:25PM,Fine,-,gaps_82.json,gap_filled
bmt,2026-08-06,232.255,37.316,12:40PM,Fine,-,gaps_82.json,gap_filled
bmt,2026-08-07,193.827,38.842,1:45PM,Fine,-,gaps_82.json,gap_filled
bmt,2026-08-08,88.929,17.271,9:40AM,Fine,-,gaps_82.json,gap_filled
bmt,2026-08-09,144.676,45.08,12:40PM,Fine,-,gaps_82.json,gap_filled
bmt,2026-08-10,154.485,34.366,2:20PM,Fine,-,gaps_82.json,gap_filled
bmt,2026-08-11,145.865,34.168,12:30PM,Fine,-,gaps_82.json,gap_filled
bmt,2026-08-12,248.283,37.122,12:40PM,Fine,-,gaps_82.json,gap_filled
bmt,2026-08-13,237.96,37.333,11:30AM,Fine,-,gaps_82.json,gap_filled
bmt,2026-08-14,117.026,27.896,1:35PM,Fine,-,gaps_82.json,gap_filled
bmt,2026-08-15,199.087,35.47,12:30PM,Fine,-,gaps_82.json,gap_filled
bmt,2026-08-16,190.371,38.556,11:05AM,Fine,-,gaps_82.json,gap_filled
bmt,2026-08-17,222.081,37.923,12:45PM,Fine,-,gaps_82.json,gap_filled
bmt,2026-08-18,255.829,43.838,12:10PM,Fine,-,gaps_82.json,gap_filled
bmt,2026-08-19,154.953,35.697,1:05PM,Fine,-,gaps_82.json,gap_filled
bmt,2026-08-20,160.38,39.247,12:35PM,Fine,-,gaps_82.json,gap_filled
bmt,2026-08-21,162.817,41.116,12:05PM,Fine,-,gaps_82.json,gap_filled
bmt,2026-08-22,228.771,35.388,12:20PM,Fine,-,gaps_82.json,gap_filled
bmt,2026-08-23,228.093,36.425,12:00PM,Fine,-,gaps_82.json,gap_filled
bmt,2026-08-24,233.63,37.396,12:45PM,Fine,-,gaps_82.json,gap_filled
bmt,2026-08-25,198.11,38.795,12:45PM,Fine,-,gaps_82.json,gap_filled
bmt,2026-08-26,217.67,35.3,1:00PM,Fine,-,gaps_82.json,gap_filled
bmt,2026-08-27,232.895,32.539,12:30PM,Fine,-,gaps_82.json,gap_filled
bmt,2026-08-28,227.474,33.932,1:30PM,Fine,-,gaps_82.json,gap_filled
bmt,2026-08-29,209.531,34.47,12:05PM,Fine,-,gaps_82.json,gap_filled
bmt,2026-08-30,219.848,32.509,12:40PM,Fine,-,gaps_82.json,gap_filled
bmt,2026-08-31,228.855,32.689,1:05PM,Fine,-,bmt_full_242.json,
bmt,2026-09-01,182.54,37.11,11:15AM,Fine,-,bmt_full_242.json,
bmt,2026-09-02,201.059,33.417,12:10PM,Fine,-,bmt_full_242.json,
bmt,2026-09-03,186.954,32.077,12:35PM,Fine,-,bmt_full_242.json,
bmt,2026-09-04,165.382,32.45,1:20PM,Fine,-,bmt_full_242.json,
bmt,2026-09-05,139.692,32.143,12:00PM,Fine,-,bmt_full_242.json,
bmt,2026-09-06,201.891,38.315,12:35PM,Fine,-,bmt_full_242.json,
bmt,2026-09-07,227.309,35.23,12:20PM,Fine,-,bmt_full_242.json,
bmt,2026-09-08,223.474,33.659,12:10PM,Fine,-,bmt_full_242.json,
bmt,2026-09-09,57.89,31.183,12:40PM,Fine,-,bmt_full_242.json,
bmt,2026-09-10,211.28,33.752,1:20PM,Fine,-,bmt_full_242.json,
bmt,2026-09-11,225.514,32.279,11:45AM,Fine,-,bmt_full_242.json,
bmt,2026-09-12,128.98,30.544,10:40AM,Fine,-,bmt_full_242.json,
bmt,2026-09-13,198.652,33.826,11:45AM,Fine,-,bmt_full_242.json,
bmt,2026-09-14,191.386,31.163,1:35PM,Fine,-,bmt_full_242.json,
bmt,2026-09-15,171.634,33.841,11:10AM,Fine,-,bmt_full_242.json,
bmt,2026-09-16,168.777,33.466,12:30PM,Fine,-,bmt_full_242.json,
bmt,2026-09-17,145.066,38.566,11:05AM,Fine,-,bmt_full_242.json,
bmt,2026-09-18,205.835,33.863,12:20PM,Fine,-,bmt_full_242.json,
bmt,2026-09-19,181.071,31.896,12:55PM,Fine,-,bmt_full_242.json,
bmt,2026-09-20,182.311,34.847,1:05PM,Fine,-,bmt_full_242.json,
bmt,2026-09-21,185.715,35.15,12:35PM,Fine,-,bmt_full_242.json,
bmt,2026-09-22,152.531,30.483,12:40PM,Fine,-,bmt_full_242.json,
bmt,2026-09-23,88.514,28.554,12:10PM,Fine,-,bmt_full_242.json,
bmt,2026-09-24,154.55,30.281,12:35PM,Fine,-,bmt_full_242.json,
bmt,2026-09-25,140.567,30.82,12:45PM,Fine,-,bmt_full_242.json,
bmt,2026-09-26,173.417,32.21,12:00PM,Fine,-,bmt_full_242.json,
bmt,2026-09-27,167.277,30.117,12:35PM,Fine,-,bmt_full_242.json,
bmt,2026-09-28,65.686,13.14,11:30AM,Fine,-,bmt_full_242.json,
bmt,2026-09-29,192.038,31.576,12:20PM,Fine,-,bmt_full_242.json,
bmt,2026-09-30,186.795,31.42,12:25PM,Fine,-,bmt_full_242.json,
bmt,2026-10-01,149.322,29.513,11:55AM,Fine,-,bmt_full_242.json,
bmt,2026-10-02,148.523,26.696,12:10PM,Fine,-,bmt_full_242.json,
bmt,2026-10-03,145.006,26.704,12:25PM,Fine,-,bmt_full_242.json,
bmt,2026-10-04,158.234,26.609,12:20PM,Fine,-,bmt_full_242.json,
bmt,2026-10-05,143.483,26.312,12:15PM,Fine,-,bmt_full_242.json,
bmt,2026-10-06,154.874,25.623,12:10PM,Fine,-,bmt_full_242.json,
bmt,2026-10-07,135.207,26.576,12:20PM,Fine,-,bmt_full_242.json,
bmt,2026-10-08,120.535,23.828,12:30PM,Fine,-,bmt_full_242.json,
bmt,2026-10-09,0.0,0.0,12:00AM,Not Sure,-,bmt_full_242.json,partial;zero
